user,hometown
0,0
1,1
2,2
3,3
4,4
5,5
6,4
7,6
8,6
9,7
10,8
11,9
12,9
13,10
14,11
15,4
16,12
17,13
18,14
19,15
20,16
21,2
22,10
23,17
24,15
25,18
26,15
27,19
28,15
29,4
30,20
31,21
32,22
33,23
34,24
35,23
36,15
37,25
38,4
39,26
40,11
41,18
42,27
43,4
44,15
45,28
46,29
47,29
48,30
49,31
50,4
51,9
52,8
53,32
54,28
55,33
56,34
57,21
58,19
59,35
60,17
61,29
62,36
63,3
64,37
65,15
66,26
67,3
68,4
69,38
70,23
71,19
72,15
73,39
74,15
75,6
76,15
77,8
78,4
79,40
80,30
81,21
82,15
83,0
84,0
85,15
86,15
87,22
88,4
89,2
90,21
91,3
92,28
93,26
94,4
95,18
96,41
97,15
98,42
99,4
100,4
101,15
102,43
103,4
104,15
105,10
106,28
107,22
108,44
109,22
110,45
111,7
112,29
113,27
114,21
115,27
116,15
117,28
118,15
119,4
120,4
121,19
122,15
123,2
124,4
125,4
126,4
127,4
128,20
129,32
130,6
131,46
132,15
133,47
134,15
135,48
136,29
137,49
138,50
139,15
140,51
141,8
142,4
143,15
144,26
145,4
146,4
147,52
148,2
149,53
150,30
151,54
152,32
153,29
154,15
155,55
156,27
157,43
158,56
159,29
160,57
161,11
162,4
163,4
164,4
165,4
166,2
167,58
168,31
169,15
170,28
171,46
172,18
173,15
174,15
175,4
176,15
177,52
178,19
179,27
180,49
181,15
182,38
183,59
184,9
185,7
186,60
187,0
188,61
189,15
190,49
191,32
192,27
193,11
194,29
195,4
196,14
197,29
198,4
199,62
200,23
201,27
202,63
203,4
204,28
205,28
206,14
207,0
208,4
209,22
210,15
211,4
212,4
213,23
214,0
215,19
216,27
217,4
218,2
219,4
220,64
221,4
222,29
223,4
224,15
225,8
226,4
227,21
228,6
229,58
230,17
231,65
232,4
233,28
234,57
235,27
236,28
237,39
238,66
239,27
240,47
241,67
242,52
243,22
244,4
245,15
246,9
247,4
248,68
249,41
250,6
251,42
252,4
253,38
254,69
255,47
256,7
257,15
258,0
259,4
260,4
261,4
262,15
263,38
264,70
265,38
266,28
267,17
268,21
269,71
270,22
271,31
272,7
273,72
274,15
275,4
276,15
277,14
278,22
279,23
280,73
281,15
282,38
283,43
284,32
285,22
286,4
287,74
288,0
289,7
290,38
291,4
292,21
293,4
294,75
295,28
296,76
297,38
298,77
299,78
300,19
301,79
302,27
303,4
304,43
305,15
306,0
307,18
308,80
309,4
310,30
311,28
312,22
313,15
314,81
315,27
316,41
317,4
318,13
319,28
320,31
321,10
322,82
323,61
324,11
325,64
326,10
327,4
328,4
329,41
330,81
331,28
332,4
333,83
334,0
335,6
336,15
337,84
338,6
339,19
340,4
341,15
342,4
343,0
344,15
345,49
346,21
347,15
348,17
349,28
350,4
351,8
352,4
353,43
354,32
355,23
356,56
357,14
358,0
359,28
360,13
361,85
362,38
363,4
364,4
365,32
366,57
367,4
368,7
369,52
370,86
371,7
372,62
373,31
374,4
375,15
376,38
377,4
378,4
379,4
380,14
381,82
382,26
383,38
384,4
385,22
386,0
387,32
388,15
389,32
390,52
391,10
392,4
393,2
394,83
395,27
396,4
397,4
398,29
399,41
400,2
401,52
402,4
403,4
404,4
405,29
406,15
407,7
408,29
409,15
410,28
411,31
412,56
413,38
414,43
415,11
416,28
417,15
418,2
419,30
420,4
421,29
422,15
423,27
424,2
425,2
426,4
427,21
428,27
429,87
430,4
431,51
432,80
433,27
434,15
435,43
436,4
437,4
438,7
439,88
440,15
441,4
442,11
443,19
444,0
445,2
446,38
447,22
448,27
449,29
450,49
451,4
452,4
453,10
454,2
455,2
456,27
457,4
458,89
459,28
460,90
461,4
462,4
463,58
464,13
465,15
466,91
467,0
468,92
469,4
470,0
471,0
472,21
473,23
474,4
475,41
476,43
477,27
478,29
479,22
480,31
481,4
482,38
483,7
484,15
485,14
486,27
487,29
488,28
489,3
490,49
491,54
492,4
493,93
494,43
495,8
496,4
497,38
498,4
499,4
500,4
501,7
502,25
503,4
504,28
505,38
506,4
507,28
508,32
509,58
510,10
511,22
512,27
513,29
514,15
515,4
516,15
517,31
518,4
519,94
520,4
521,95
522,39
523,38
524,31
525,22
526,15
527,58
528,4
529,15
530,96
531,97
532,30
533,32
534,22
535,4
536,31
537,15
538,31
539,4
540,94
541,32
542,98
543,4
544,99
545,22
546,4
547,9
548,49
549,15
550,52
551,4
552,29
553,100
554,28
555,43
556,52
557,19
558,19
559,38
560,15
561,4
562,101
563,52
564,32
565,102
566,43
567,4
568,19
569,31
570,30
571,4
572,49
573,27
574,31
575,15
576,28
577,4
578,31
579,30
580,31
581,27
582,2
583,22
584,32
585,28
586,4
587,4
588,15
589,31
590,37
591,15
592,52
593,4
594,21
595,41
596,4
597,0
598,49
599,15
600,28
601,49
602,103
603,32
604,38
605,104
606,43
607,19
608,15
609,0
610,32
611,4
612,28
613,40
614,30
615,105
616,15
617,30
618,15
619,4
620,2
621,61
622,28
623,80
624,0
625,4
626,27
627,19
628,10
629,29
630,27
631,4
632,7
633,52
634,62
635,43
636,7
637,0
638,4
639,10
640,19
641,15
642,72
643,4
644,31
645,0
646,21
647,30
648,29
649,29
650,4
651,15
652,29
653,29
654,29
655,4
656,106
657,14
658,52
659,2
660,15
661,28
662,4
663,107
664,4
665,15
666,108
667,32
668,109
669,43
670,27
671,2
672,29
673,3
674,15
675,43
676,15
677,2
678,15
679,18
680,4
681,31
682,15
683,7
684,7
685,27
686,4
687,0
688,2
689,4
690,58
691,32
692,27
693,4
694,31
695,45
696,109
697,4
698,45
699,110
700,111
701,112
702,41
703,31
704,75
705,41
706,23
707,0
708,4
709,21
710,113
711,58
712,4
713,23
714,26
715,78
716,7
717,58
718,4
719,4
720,49
721,28
722,30
723,4
724,15
725,4
726,27
727,4
728,18
729,4
730,0
731,4
732,38
733,114
734,31
735,4
736,58
737,4
738,9
739,21
740,4
741,15
742,4
743,2
744,20
745,28
746,0
747,4
748,4
749,21
750,4
751,4
752,115
753,22
754,109
755,22
756,107
757,15
758,15
759,30
760,13
761,116
762,86
763,4
764,28
765,32
766,4
767,20
768,22
769,51
770,4
771,4
772,4
773,15
774,15
775,27
776,50
777,10
778,4
779,4
780,4
781,4
782,15
783,18
784,4
785,4
786,15
787,27
788,109
789,22
790,88
791,31
792,43
793,58
794,4
795,28
796,52
797,4
798,28
799,32
800,14
801,38
802,4
803,4
804,4
805,10
806,15
807,26
808,4
809,31
810,4
811,4
812,22
813,31
814,15
815,43
816,30
817,31
818,21
819,49
820,43
821,30
822,3
823,20
824,28
825,2
826,15
827,21
828,117
829,4
830,4
831,4
832,23
833,4
834,51
835,49
836,118
837,4
838,29
839,19
840,29
841,72
842,29
843,119
844,43
845,4
846,23
847,15
848,4
849,0
850,38
851,15
852,0
853,38
854,18
855,4
856,15
857,4
858,31
859,4
860,120
861,4
862,4
863,4
864,0
865,28
866,29
867,28
868,4
869,31
870,43
871,4
872,31
873,15
874,15
875,4
876,11
877,7
878,43
879,107
880,31
881,29
882,7
883,32
884,28
885,4
886,2
887,32
888,43
889,38
890,41
891,22
892,26
893,31
894,4
895,15
896,4
897,29
898,32
899,57
900,121
901,27
902,4
903,15
904,70
905,27
906,41
907,43
908,32
909,51
910,70
911,38
912,23
913,32
914,4
915,28
916,52
917,19
918,8
919,0
920,16
921,15
922,86
923,52
924,86
925,43
926,4
927,15
928,4
929,0
930,7
931,27
932,4
933,15
934,22
935,43
936,20
937,122
938,29
939,38
940,15
941,27
942,2
943,52
944,15
945,4
946,28
947,15
948,28
949,0
950,4
951,123
952,41
953,4
954,31
955,15
956,4
957,28
958,15
959,15
960,124
961,29
962,107
963,28
964,10
965,4
966,125
967,21
968,4
969,29
970,109
971,31
972,4
973,19
974,4
975,3
976,31
977,4
978,4
979,22
980,49
981,3
982,2
983,126
984,70
985,22
986,4
987,0
988,11
989,66
990,4
991,4
992,43
993,86
994,4
995,4
996,127
997,0
998,15
999,4
1000,128
1001,15
1002,4
1003,4
1004,30
1005,15
1006,72
1007,13
1008,26
1009,2
1010,28
1011,4
1012,4
1013,26
1014,15
1015,4
1016,4
1017,4
1018,3
1019,15
1020,4
1021,28
1022,4
1023,31
1024,6
1025,18
1026,96
1027,28
1028,15
1029,41
1030,4
1031,28
1032,60
1033,15
1034,7
1035,0
1036,15
1037,21
1038,38
1039,2
1040,52
1041,4
1042,4
1043,4
1044,15
1045,4
1046,36
1047,15
1048,0
1049,129
1050,10
1051,22
1052,14
1053,109
1054,31
1055,4
1056,3
1057,52
1058,19
1059,15
1060,4
1061,4
1062,0
1063,4
1064,4
1065,82
1066,15
1067,22
1068,15
1069,130
1070,28
1071,38
1072,62
1073,131
1074,31
1075,19
1076,0
1077,30
1078,30
1079,52
1080,28
1081,57
1082,4
1083,4
1084,15
1085,0
1086,6
1087,27
1088,27
1089,11
1090,0
1091,27
1092,4
1093,29
1094,28
1095,64
1096,6
1097,15
1098,11
1099,132
1100,31
1101,4
1102,39
1103,31
1104,66
1105,27
1106,4
1107,15
1108,31
1109,15
1110,15
1111,25
1112,38
1113,82
1114,15
1115,4
1116,15
1117,20
1118,29
1119,43
1120,7
1121,133
1122,29
1123,4
1124,134
1125,43
1126,0
1127,4
1128,15
1129,29
1130,135
1131,30
1132,15
1133,0
1134,27
1135,38
1136,15
1137,136
1138,15
1139,32
1140,4
1141,38
1142,15
1143,4
1144,86
1145,4
1146,4
1147,29
1148,30
1149,15
1150,72
1151,27
1152,86
1153,31
1154,31
1155,59
1156,0
1157,7
1158,2
1159,0
1160,4
1161,4
1162,82
1163,15
1164,62
1165,29
1166,28
1167,78
1168,4
1169,58
1170,0
1171,4
1172,4
1173,15
1174,4
1175,3
1176,20
1177,0
1178,31
1179,19
1180,4
1181,27
1182,86
1183,62
1184,4
1185,78
1186,31
1187,4
1188,27
1189,4
1190,28
1191,27
1192,56
1193,0
1194,15
1195,10
1196,64
1197,4
1198,4
1199,4
1200,30
1201,28
1202,15
1203,22
1204,15
1205,4
1206,42
1207,19
1208,3
1209,21
1210,15
1211,4
1212,2
1213,30
1214,11
1215,22
1216,28
1217,51
1218,15
1219,0
1220,4
1221,32
1222,66
1223,9
1224,27
1225,4
1226,2
1227,15
1228,29
1229,4
1230,15
1231,27
1232,4
1233,0
1234,0
1235,9
1236,4
1237,76
1238,4
1239,4
1240,17
1241,4
1242,29
1243,15
1244,31
1245,21
1246,2
1247,4
1248,22
1249,22
1250,4
1251,28
1252,11
1253,4
1254,137
1255,28
1256,138
1257,4
1258,4
1259,15
1260,6
1261,32
1262,15
1263,22
1264,0
1265,38
1266,4
1267,38
1268,58
1269,86
1270,0
1271,23
1272,15
1273,87
1274,4
1275,99
1276,27
1277,113
1278,25
1279,15
1280,28
1281,4
1282,4
1283,27
1284,43
1285,139
1286,140
1287,31
1288,4
1289,52
1290,28
1291,29
1292,2
1293,19
1294,30
1295,62
1296,28
1297,15
1298,7
1299,26
1300,22
1301,4
1302,28
1303,59
1304,15
1305,31
1306,49
1307,141
1308,43
1309,4
1310,11
1311,4
1312,15
1313,31
1314,30
1315,6
1316,47
1317,142
1318,4
1319,31
1320,15
1321,143
1322,27
1323,4
1324,144
1325,145
1326,15
1327,21
1328,15
1329,29
1330,4
1331,19
1332,28
1333,17
1334,4
1335,18
1336,130
1337,31
1338,32
1339,30
1340,31
1341,52
1342,4
1343,4
1344,28
1345,21
1346,32
1347,4
1348,10
1349,29
1350,146
1351,28
1352,0
1353,4
1354,4
1355,49
1356,0
1357,15
1358,72
1359,68
1360,15
1361,28
1362,18
1363,86
1364,18
1365,28
1366,109
1367,0
1368,15
1369,15
1370,86
1371,31
1372,4
1373,4
1374,4
1375,107
1376,32
1377,7
1378,19
1379,4
1380,30
1381,2
1382,43
1383,15
1384,32
1385,4
1386,4
1387,49
1388,45
1389,11
1390,147
1391,148
1392,4
1393,4
1394,28
1395,27
1396,4
1397,15
1398,4
1399,28
1400,32
1401,15
1402,149
1403,86
1404,10
1405,58
1406,4
1407,15
1408,4
1409,150
1410,4
1411,4
1412,27
1413,28
1414,11
1415,9
1416,123
1417,43
1418,15
1419,38
1420,4
1421,11
1422,15
1423,32
1424,11
1425,58
1426,29
1427,31
1428,151
1429,52
1430,0
1431,3
1432,31
1433,15
1434,58
1435,4
1436,104
1437,9
1438,0
1439,15
1440,0
1441,30
1442,4
1443,4
1444,46
1445,82
1446,4
1447,27
1448,15
1449,152
1450,21
1451,68
1452,15
1453,21
1454,4
1455,39
1456,15
1457,15
1458,4
1459,41
1460,6
1461,107
1462,19
1463,0
1464,32
1465,2
1466,4
1467,4
1468,29
1469,38
1470,4
1471,4
1472,15
1473,0
1474,31
1475,28
1476,4
1477,15
1478,86
1479,31
1480,153
1481,2
1482,4
1483,28
1484,58
1485,28
1486,15
1487,27
1488,4
1489,4
1490,7
1491,31
1492,15
1493,27
1494,154
1495,4
1496,7
1497,29
1498,26
1499,4
1500,4
1501,10
1502,29
1503,38
1504,155
1505,156
1506,4
1507,28
1508,39
1509,99
1510,4
1511,29
1512,4
1513,4
1514,27
1515,11
1516,43
1517,27
1518,4
1519,15
1520,4
1521,28
1522,4
1523,56
1524,52
1525,8
1526,29
1527,157
1528,158
1529,32
1530,4
1531,39
1532,15
1533,15
1534,58
1535,44
1536,28
1537,29
1538,4
1539,38
1540,29
1541,4
1542,29
1543,15
1544,28
1545,4
1546,0
1547,159
1548,15
1549,10
1550,30
1551,28
1552,15
1553,4
1554,28
1555,62
1556,15
1557,15
1558,135
1559,15
1560,28
1561,0
1562,15
1563,15
1564,43
1565,4
1566,19
1567,38
1568,3
1569,15
1570,15
1571,70
1572,15
1573,18
1574,160
1575,28
1576,15
1577,4
1578,28
1579,15
1580,43
1581,4
1582,19
1583,10
1584,15
1585,15
1586,161
1587,4
1588,4
1589,82
1590,66
1591,122
1592,6
1593,15
1594,28
1595,4
1596,31
1597,55
1598,64
1599,162
1600,4
1601,4
1602,2
1603,32
1604,15
1605,31
1606,52
1607,43
1608,58
1609,31
1610,15
1611,15
1612,26
1613,28
1614,52
1615,9
1616,15
1617,10
1618,15
1619,4
1620,21
1621,11
1622,15
1623,4
1624,4
1625,163
1626,20
1627,66
1628,58
1629,2
1630,15
1631,15
1632,29
1633,2
1634,164
1635,58
1636,4
1637,15
1638,86
1639,15
1640,0
1641,31
1642,15
1643,4
1644,0
1645,82
1646,15
1647,4
1648,15
1649,165
1650,96
1651,11
1652,0
1653,15
1654,0
1655,29
1656,41
1657,15
1658,42
1659,4
1660,0
1661,15
1662,29
1663,15
1664,26
1665,28
1666,15
1667,32
1668,28
1669,22
1670,15
1671,43
1672,13
1673,15
1674,22
1675,31
1676,114
1677,15
1678,4
1679,4
1680,166
1681,22
1682,70
1683,41
1684,0
1685,15
1686,165
1687,15
1688,11
1689,11
1690,26
1691,15
1692,20
1693,4
1694,38
1695,167
1696,168
1697,38
1698,4
1699,0
1700,27
1701,15
1702,15
1703,169
1704,31
1705,15
1706,26
1707,15
1708,15
1709,170
1710,15
1711,4
1712,10
1713,15
1714,4
1715,4
1716,4
1717,4
1718,29
1719,15
1720,28
1721,15
1722,15
1723,15
1724,0
1725,15
1726,15
1727,4
1728,11
1729,0
1730,29
1731,4
1732,0
1733,4
1734,2
1735,171
1736,41
1737,11
1738,29
1739,15
1740,15
1741,15
1742,15
1743,0
1744,27
1745,4
1746,172
1747,15
1748,11
1749,15
1750,28
1751,4
1752,15
1753,15
1754,15
1755,29
1756,4
1757,0
1758,4
1759,4
1760,15
1761,13
1762,27
1763,15
1764,15
1765,15
1766,64
1767,4
1768,20
1769,173
1770,15
1771,41
1772,15
1773,28
1774,174
1775,7
1776,29
1777,58
1778,4
1779,11
1780,157
1781,19
1782,4
1783,21
1784,15
1785,4
1786,15
1787,15
1788,30
1789,162
1790,15
1791,4
1792,15
1793,32
1794,175
1795,15
1796,2
1797,4
1798,60
1799,0
1800,176
1801,177
1802,20
1803,178
1804,15
1805,179
1806,142
1807,180
1808,27
1809,65
1810,11
1811,15
1812,172
1813,29
1814,15
1815,58
1816,181
1817,15
1818,3
1819,4
1820,55
1821,58
1822,15
1823,15
1824,4
1825,59
1826,15
1827,15
1828,154
1829,27
1830,43
1831,86
1832,87
1833,4
1834,4
1835,15
1836,160
1837,4
1838,15
1839,86
1840,4
1841,4
1842,11
1843,15
1844,58
1845,182
1846,6
1847,58
1848,183
1849,184
1850,41
1851,15
1852,23
1853,28
1854,20
1855,4
1856,15
1857,86
1858,15
1859,17
1860,41
1861,52
1862,15
1863,40
1864,29
1865,11
1866,58
1867,154
1868,15
1869,15
1870,15
1871,21
1872,115
1873,15
1874,185
1875,154
1876,87
1877,29
1878,186
1879,47
1880,2
1881,182
1882,32
1883,30
1884,0
1885,10
1886,15
1887,15
1888,29
1889,187
1890,58
1891,29
1892,188
1893,23
1894,139
1895,58
1896,189
1897,4
1898,4
1899,190
1900,191
1901,192
1902,58
1903,20
1904,4
1905,0
1906,4
1907,32
1908,15
1909,115
1910,64
1911,15
1912,58
1913,4
1914,4
1915,182
1916,0
1917,139
1918,13
1919,4
1920,15
1921,78
1922,4
1923,58
1924,29
1925,23
1926,111
1927,10
1928,17
1929,4
1930,17
1931,15
1932,107
1933,44
1934,193
1935,107
1936,115
1937,0
1938,0
1939,18
1940,165
1941,78
1942,20
1943,47
1944,4
1945,194
1946,0
1947,58
1948,195
1949,58
1950,115
1951,58
1952,47
1953,15
1954,196
1955,57
1956,197
1957,40
1958,198
1959,15
1960,15
1961,165
1962,13
1963,154
1964,199
1965,15
1966,4
1967,79
1968,139
1969,58
1970,200
1971,201
1972,4
1973,23
1974,107
1975,28
1976,58
1977,23
1978,4
1979,15
1980,202
1981,7
1982,23
1983,157
1984,15
1985,7
1986,4
1987,203
1988,81
1989,17
1990,21
1991,182
1992,123
1993,31
1994,174
1995,57
1996,4
1997,75
1998,187
1999,204
2000,0
2001,27
2002,205
2003,17
2004,206
2005,44
2006,207
2007,58
2008,48
2009,208
2010,13
2011,15
2012,58
2013,78
2014,107
2015,107
2016,22
2017,116
2018,209
2019,23
2020,210
2021,115
2022,17
2023,38
2024,78
2025,78
2026,58
2027,211
2028,212
2029,213
2030,28
2031,139
2032,183
2033,4
2034,58
2035,31
2036,139
2037,23
2038,31
2039,47
2040,107
2041,214
2042,23
2043,215
2044,181
2045,47
2046,127
2047,160
2048,216
2049,30
2050,31
2051,58
2052,213
2053,217
2054,75
2055,78
2056,47
2057,58
2058,218
2059,60
2060,27
2061,45
2062,38
2063,58
2064,49
2065,22
2066,23
2067,192
2068,58
2069,0
2070,178
2071,219
2072,47
2073,27
2074,23
2075,38
2076,12
2077,4
2078,124
2079,220
2080,221
2081,81
2082,7
2083,15
2084,23
2085,17
2086,28
2087,58
2088,43
2089,23
2090,4
2091,7
2092,4
2093,123
2094,87
2095,56
2096,222
2097,4
2098,47
2099,28
2100,192
2101,44
2102,215
2103,17
2104,4
2105,23
2106,223
2107,19
2108,19
2109,78
2110,224
2111,117
2112,38
2113,28
2114,49
2115,0
2116,23
2117,4
2118,225
2119,15
2120,226
2121,31
2122,23
2123,24
2124,227
2125,4
2126,175
2127,32
2128,23
2129,27
2130,228
2131,41
2132,66
2133,23
2134,15
2135,40
2136,52
2137,229
2138,47
2139,58
2140,4
2141,4
2142,52
2143,130
2144,230
2145,231
2146,52
2147,232
2148,22
2149,130
2150,27
2151,15
2152,4
2153,47
2154,4
2155,27
2156,174
2157,14
2158,173
2159,23
2160,31
2161,72
2162,30
2163,59
2164,19
2165,233
2166,162
2167,0
2168,234
2169,235
2170,38
2171,31
2172,38
2173,73
2174,181
2175,236
2176,8
2177,0
2178,0
2179,22
2180,107
2181,94
2182,87
2183,44
2184,4
2185,4
2186,73
2187,43
2188,4
2189,51
2190,5
2191,38
2192,23
2193,27
2194,2
2195,237
2196,79
2197,38
2198,238
2199,32
2200,4
2201,50
2202,82
2203,31
2204,4
2205,4
2206,23
2207,239
2208,38
2209,2
2210,31
2211,4
2212,4
2213,187
2214,69
2215,32
2216,64
2217,38
2218,240
2219,241
2220,4
2221,236
2222,42
2223,31
2224,41
2225,242
2226,22
2227,52
2228,114
2229,13
2230,23
2231,4
2232,177
2233,10
2234,43
2235,4
2236,68
2237,24
2238,49
2239,17
2240,31
2241,6
2242,107
2243,236
2244,86
2245,15
2246,49
2247,47
2248,61
2249,59
2250,57
2251,31
2252,4
2253,57
2254,152
2255,0
2256,243
2257,96
2258,29
2259,4
2260,47
2261,31
2262,17
2263,4
2264,31
2265,47
2266,244
2267,22
2268,38
2269,4
2270,28
2271,19
2272,245
2273,4
2274,43
2275,246
2276,49
2277,58
2278,15
2279,38
2280,23
2281,19
2282,17
2283,27
2284,15
2285,12
2286,22
2287,135
2288,43
2289,4
2290,31
2291,4
2292,15
2293,19
2294,247
2295,86
2296,4
2297,31
2298,17
2299,248
2300,57
2301,4
2302,11
2303,249
2304,29
2305,17
2306,23
2307,4
2308,39
2309,226
2310,227
2311,2
2312,27
2313,15
2314,60
2315,22
2316,32
2317,249
2318,15
2319,15
2320,38
2321,17
2322,4
2323,44
2324,0
2325,11
2326,4
2327,195
2328,4
2329,15
2330,4
2331,4
2332,27
2333,250
2334,38
2335,15
2336,18
2337,41
2338,251
2339,3
2340,4
2341,65
2342,245
2343,31
2344,10
2345,0
2346,21
2347,7
2348,109
2349,30
2350,15
2351,252
2352,4
2353,7
2354,37
2355,4
2356,175
2357,23
2358,15
2359,50
2360,10
2361,32
2362,0
2363,82
2364,3
2365,22
2366,51
2367,4
2368,13
2369,82
2370,28
2371,0
2372,104
2373,10
2374,22
2375,114
2376,73
2377,4
2378,15
2379,4
2380,4
2381,29
2382,31
2383,15
2384,0
2385,4
2386,41
2387,17
2388,4
2389,31
2390,9
2391,70
2392,41
2393,49
2394,253
2395,27
2396,254
2397,0
2398,31
2399,21
2400,27
2401,60
2402,4
2403,51
2404,19
2405,4
2406,6
2407,46
2408,4
2409,0
2410,4
2411,255
2412,38
2413,4
2414,4
2415,4
2416,256
2417,4
2418,28
2419,30
2420,7
2421,28
2422,22
2423,31
2424,11
2425,60
2426,70
2427,0
2428,28
2429,7
2430,81
2431,257
2432,56
2433,23
2434,31
2435,4
2436,28
2437,4
2438,0
2439,4
2440,27
2441,18
2442,41
2443,11
2444,4
2445,27
2446,19
2447,0
2448,27
2449,258
2450,15
2451,30
2452,22
2453,15
2454,27
2455,30
2456,30
2457,28
2458,4
2459,57
2460,24
2461,15
2462,21
2463,40
2464,5
2465,10
2466,15
2467,38
2468,23
2469,31
2470,95
2471,19
2472,0
2473,72
2474,5
2475,15
2476,52
2477,4
2478,82
2479,12
2480,4
2481,15
2482,2
2483,4
2484,4
2485,0
2486,259
2487,4
2488,19
2489,23
2490,38
2491,0
2492,4
2493,4
2494,23
2495,65
2496,15
2497,28
2498,4
2499,22
2500,23
2501,29
2502,7
2503,17
2504,79
2505,29
2506,38
2507,18
2508,0
2509,4
2510,3
2511,15
2512,4
2513,4
2514,0
2515,4
2516,2
2517,4
2518,38
2519,22
2520,31
2521,6
2522,4
2523,10
2524,260
2525,4
2526,27
2527,79
2528,104
2529,30
2530,4
2531,19
2532,0
2533,135
2534,10
2535,50
2536,70
2537,20
2538,4
2539,0
2540,17
2541,4
2542,60
2543,49
2544,261
2545,4
2546,29
2547,4
2548,244
2549,0
2550,31
2551,15
2552,7
2553,15
2554,15
2555,38
2556,88
2557,4
2558,17
2559,262
2560,15
2561,78
2562,31
2563,15
2564,15
2565,17
2566,15
2567,27
2568,28
2569,10
2570,31
2571,4
2572,7
2573,120
2574,4
2575,49
2576,15
2577,30
2578,29
2579,6
2580,32
2581,46
2582,263
2583,15
2584,22
2585,15
2586,4
2587,80
2588,4
2589,4
2590,15
2591,15
2592,4
2593,4
2594,31
2595,7
2596,28
2597,135
2598,2
2599,4
2600,15
2601,15
2602,28
2603,29
2604,23
2605,15
2606,264
2607,30
2608,22
2609,38
2610,15
2611,60
2612,15
2613,18
2614,0
2615,38
2616,117
2617,4
2618,31
2619,4
2620,15
2621,4
2622,4
2623,29
2624,75
2625,265
2626,38
2627,27
2628,38
2629,151
2630,41
2631,21
2632,12
2633,0
2634,4
2635,4
2636,34
2637,13
2638,0
2639,60
2640,38
2641,11
2642,30
2643,0
2644,22
2645,43
2646,25
2647,4
2648,4
2649,3
2650,4
2651,4
2652,4
2653,4
2654,4
2655,23
2656,15
2657,4
2658,38
2659,136
2660,57
2661,31
2662,18
2663,2
2664,15
2665,19
2666,23
2667,86
2668,15
2669,107
2670,64
2671,15
2672,4
2673,266
2674,4
2675,57
2676,29
2677,4
2678,28
2679,4
2680,22
2681,27
2682,18
2683,15
2684,17
2685,66
2686,15
2687,29
2688,4
2689,7
2690,15
2691,15
2692,15
2693,70
2694,4
2695,41
2696,28
2697,4
2698,27
2699,87
2700,2
2701,15
2702,4
2703,15
2704,0
2705,4
2706,267
2707,15
2708,23
2709,11
2710,7
2711,7
2712,20
2713,28
2714,268
2715,15
2716,58
2717,15
2718,2
2719,38
2720,43
2721,269
2722,15
2723,15
2724,27
2725,99
2726,15
2727,15
2728,15
2729,27
2730,47
2731,4
2732,31
2733,27
2734,222
2735,47
2736,41
2737,2
2738,4
2739,38
2740,30
2741,28
2742,4
2743,22
2744,270
2745,15
2746,32
2747,4
2748,4
2749,9
2750,15
2751,22
2752,31
2753,68
2754,4
2755,31
2756,7
2757,271
2758,38
2759,22
2760,4
2761,32
2762,4
2763,27
2764,237
2765,15
2766,52
2767,3
2768,0
2769,29
2770,226
2771,28
2772,160
2773,15
2774,70
2775,15
2776,245
2777,15
2778,31
2779,15
2780,11
2781,0
2782,2
2783,38
2784,4
2785,32
2786,30
2787,31
2788,15
2789,47
2790,4
2791,0
2792,4
2793,10
2794,31
2795,31
2796,272
2797,4
2798,3
2799,32
2800,15
2801,31
2802,17
2803,273
2804,15
2805,28
2806,22
2807,15
2808,4
2809,135
2810,13
2811,17
2812,49
2813,15
2814,10
2815,274
2816,13
2817,29
2818,15
2819,23
2820,4
2821,4
2822,15
2823,31
2824,162
2825,4
2826,4
2827,4
2828,15
2829,31
2830,4
2831,27
2832,7
2833,47
2834,31
2835,15
2836,4
2837,15
2838,0
2839,28
2840,0
2841,15
2842,17
2843,4
2844,29
2845,4
2846,15
2847,0
2848,21
2849,13
2850,15
2851,18
2852,2
2853,28
2854,52
2855,38
2856,18
2857,4
2858,28
2859,39
2860,17
2861,29
2862,30
2863,22
2864,4
2865,32
2866,7
2867,26
2868,275
2869,2
2870,15
2871,15
2872,27
2873,19
2874,27
2875,11
2876,4
2877,15
2878,4
2879,141
2880,15
2881,72
2882,17
2883,28
2884,4
2885,0
2886,13
2887,135
2888,31
2889,4
2890,276
2891,4
2892,4
2893,29
2894,18
2895,9
2896,15
2897,64
2898,2
2899,27
2900,42
2901,4
2902,15
2903,29
2904,15
2905,72
2906,15
2907,15
2908,2
2909,29
2910,3
2911,15
2912,4
2913,22
2914,28
2915,4
2916,37
2917,29
2918,22
2919,27
2920,38
2921,4
2922,23
2923,8
2924,277
2925,278
2926,4
2927,0
2928,28
2929,27
2930,4
2931,15
2932,15
2933,22
2934,0
2935,4
2936,192
2937,49
2938,31
2939,24
2940,68
2941,29
2942,4
2943,0
2944,65
2945,15
2946,4
2947,49
2948,78
2949,29
2950,15
2951,11
2952,6
2953,32
2954,6
2955,15
2956,15
2957,0
2958,82
2959,20
2960,4
2961,15
2962,0
2963,8
2964,27
2965,0
2966,15
2967,22
2968,58
2969,0
2970,30
2971,38
2972,15
2973,4
2974,4
2975,4
2976,279
2977,41
2978,4
2979,15
2980,18
2981,15
2982,38
2983,4
2984,4
2985,15
2986,159
2987,13
2988,15
2989,31
2990,4
2991,15
2992,15
2993,15
2994,4
2995,4
2996,4
2997,4
2998,3
2999,141
3000,14
3001,27
3002,32
3003,4
3004,4
3005,15
3006,15
3007,15
3008,168
3009,4
3010,2
3011,11
3012,19
3013,32
3014,29
3015,30
3016,27
3017,4
3018,58
3019,64
3020,4
3021,41
3022,4
3023,4
3024,3
3025,4
3026,58
3027,0
3028,11
3029,31
3030,10
3031,57
3032,11
3033,4
3034,27
3035,15
3036,15
3037,173
3038,38
3039,29
3040,38
3041,4
3042,21
3043,13
3044,121
3045,15
3046,0
3047,15
3048,4
3049,6
3050,30
3051,29
3052,15
3053,15
3054,27
3055,4
3056,4
3057,52
3058,42
3059,4
3060,15
3061,4
3062,4
3063,15
3064,280
3065,31
3066,9
3067,15
3068,15
3069,15
3070,15
3071,31
3072,15
3073,58
3074,29
3075,4
3076,11
3077,4
3078,70
3079,19
3080,119
3081,281
3082,4
3083,56
3084,4
3085,31
3086,2
3087,86
3088,15
3089,28
3090,65
3091,282
3092,47
3093,15
3094,13
3095,0
3096,28
3097,0
3098,41
3099,4
3100,4
3101,4
3102,4
3103,27
3104,0
3105,38
3106,62
3107,15
3108,27
3109,28
3110,15
3111,160
3112,15
3113,15
3114,4
3115,18
3116,43
3117,4
3118,88
3119,29
3120,41
3121,3
3122,4
3123,4
3124,15
3125,0
3126,26
3127,58
3128,107
3129,4
3130,28
3131,11
3132,11
3133,31
3134,15
3135,10
3136,4
3137,27
3138,10
3139,22
3140,15
3141,15
3142,4
3143,15
3144,159
3145,65
3146,21
3147,41
3148,4
3149,4
3150,46
3151,4
3152,28
3153,15
3154,2
3155,15
3156,4
3157,4
3158,15
3159,15
3160,4
3161,3
3162,283
3163,20
3164,58
3165,30
3166,70
3167,284
3168,41
3169,6
3170,4
3171,15
3172,4
3173,22
3174,49
3175,285
3176,28
3177,4
3178,26
3179,15
3180,31
3181,15
3182,154
3183,2
3184,29
3185,4
3186,15
3187,4
3188,31
3189,31
3190,15
3191,15
3192,4
3193,286
3194,165
3195,0
3196,2
3197,11
3198,20
3199,28
3200,15
3201,41
3202,28
3203,287
3204,29
3205,30
3206,15
3207,29
3208,15
3209,27
3210,32
3211,4
3212,0
3213,4
3214,41
3215,7
3216,15
3217,15
3218,4
3219,7
3220,22
3221,183
3222,15
3223,29
3224,32
3225,27
3226,47
3227,15
3228,288
3229,105
3230,15
3231,87
3232,4
3233,47
3234,4
3235,107
3236,15
3237,49
3238,4
3239,58
3240,15
3241,15
3242,4
3243,28
3244,43
3245,22
3246,15
3247,58
3248,4
3249,4
3250,4
3251,27
3252,11
3253,149
3254,11
3255,75
3256,181
3257,14
3258,0
3259,135
3260,289
3261,23
3262,73
3263,15
3264,183
3265,6
3266,290
3267,73
3268,291
3269,15
3270,292
3271,58
3272,15
3273,14
3274,15
3275,111
3276,15
3277,293
3278,15
3279,4
3280,184
3281,23
3282,294
3283,192
3284,286
3285,34
3286,215
3287,57
3288,222
3289,246
3290,295
3291,78
3292,204
3293,60
3294,50
3295,296
3296,95
3297,38
3298,60
3299,6
3300,23
3301,297
3302,23
3303,58
3304,244
3305,139
3306,215
3307,242
3308,166
3309,38
3310,222
3311,88
3312,21
3313,23
3314,4
3315,192
3316,83
3317,23
3318,15
3319,58
3320,245
3321,104
3322,87
3323,193
3324,40
3325,23
3326,32
3327,23
3328,17
3329,60
3330,4
3331,4
3332,298
3333,242
3334,58
3335,4
3336,47
3337,299
3338,6
3339,81
3340,237
3341,300
3342,301
3343,302
3344,12
3345,303
3346,304
3347,249
3348,41
3349,304
3350,183
3351,52
3352,154
3353,30
3354,73
3355,58
3356,87
3357,109
3358,57
3359,305
3360,234
3361,306
3362,27
3363,73
3364,307
3365,308
3366,17
3367,309
3368,310
3369,70
3370,166
3371,87
3372,17
3373,47
3374,60
3375,78
3376,311
3377,7
3378,80
3379,312
3380,4
3381,38
3382,31
3383,17
3384,27
3385,4
3386,47
3387,313
3388,304
3389,19
3390,31
3391,192
3392,37
3393,6
3394,57
3395,14
3396,304
3397,314
3398,22
3399,47
3400,28
3401,78
3402,78
3403,15
3404,239
3405,30
3406,104
3407,2
3408,315
3409,32
3410,309
3411,15
3412,4
3413,28
3414,23
3415,316
3416,317
3417,8
3418,4
3419,31
3420,47
3421,303
3422,29
3423,17
3424,37
3425,7
3426,18
3427,4
3428,31
3429,318
3430,27
3431,4
3432,4
3433,23
3434,27
3435,6
3436,41
3437,3
3438,244
3439,22
3440,18
3441,6
3442,4
3443,27
3444,62
3445,27
3446,30
3447,4
3448,17
3449,47
3450,319
3451,73
3452,44
3453,4
3454,78
3455,4
3456,197
3457,86
3458,40
3459,56
3460,30
3461,60
3462,0
3463,87
3464,15
3465,32
3466,10
3467,43
3468,7
3469,151
3470,7
3471,7
3472,54
3473,62
3474,248
3475,4
3476,3
3477,78
3478,23
3479,58
3480,22
3481,30
3482,22
3483,38
3484,28
3485,32
3486,0
3487,28
3488,49
3489,187
3490,30
3491,273
3492,0
3493,0
3494,41
3495,22
3496,4
3497,27
3498,187
3499,7
3500,15
3501,49
3502,20
3503,28
3504,78
3505,2
3506,31
3507,23
3508,30
3509,320
3510,54
3511,23
3512,31
3513,14
3514,4
3515,38
3516,51
3517,4
3518,321
3519,29
3520,29
3521,94
3522,4
3523,15
3524,51
3525,4
3526,322
3527,15
3528,61
3529,135
3530,64
3531,32
3532,27
3533,45
3534,52
3535,108
3536,0
3537,27
3538,70
3539,29
3540,4
3541,29
3542,52
3543,22
3544,227
3545,323
3546,32
3547,32
3548,66
3549,4
3550,23
3551,29
3552,18
3553,27
3554,62
3555,11
3556,159
3557,47
3558,38
3559,142
3560,49
3561,0
3562,22
3563,0
3564,4
3565,3
3566,4
3567,4
3568,15
3569,13
3570,0
3571,18
3572,61
3573,31
3574,19
3575,119
3576,4
3577,28
3578,28
3579,321
3580,46
3581,23
3582,23
3583,81
3584,27
3585,2
3586,29
3587,7
3588,32
3589,96
3590,23
3591,14
3592,41
3593,17
3594,119
3595,27
3596,61
3597,4
3598,47
3599,4
3600,324
3601,4
3602,325
3603,15
3604,2
3605,15
3606,23
3607,31
3608,4
3609,326
3610,2
3611,31
3612,31
3613,4
3614,0
3615,45
3616,81
3617,2
3618,43
3619,4
3620,327
3621,4
3622,47
3623,13
3624,279
3625,4
3626,47
3627,52
3628,43
3629,0
3630,22
3631,38
3632,41
3633,41
3634,28
3635,30
3636,15
3637,304
3638,4
3639,38
3640,4
3641,4
3642,4
3643,328
3644,15
3645,15
3646,22
3647,23
3648,15
3649,21
3650,0
3651,17
3652,4
3653,4
3654,4
3655,17
3656,21
3657,21
3658,52
3659,325
3660,15
3661,30
3662,54
3663,4
3664,15
3665,4
3666,62
3667,38
3668,18
3669,43
3670,4
3671,38
3672,132
3673,0
3674,4
3675,27
3676,47
3677,10
3678,29
3679,15
3680,28
3681,4
3682,0
3683,31
3684,23
3685,329
3686,31
3687,29
3688,78
3689,4
3690,4
3691,31
3692,4
3693,2
3694,4
3695,23
3696,330
3697,15
3698,3
3699,18
3700,44
3701,19
3702,4
3703,38
3704,29
3705,27
3706,31
3707,43
3708,29
3709,46
3710,233
3711,4
3712,19
3713,31
3714,226
3715,44
3716,66
3717,88
3718,331
3719,4
3720,15
3721,13
3722,7
3723,332
3724,142
3725,30
3726,41
3727,187
3728,31
3729,10
3730,20
3731,4
3732,15
3733,11
3734,4
3735,4
3736,4
3737,15
3738,15
3739,7
3740,219
3741,3
3742,56
3743,4
3744,226
3745,330
3746,23
3747,183
3748,45
3749,38
3750,28
3751,62
3752,27
3753,29
3754,4
3755,6
3756,31
3757,3
3758,19
3759,28
3760,21
3761,27
3762,43
3763,278
3764,159
3765,22
3766,65
3767,9
3768,47
3769,0
3770,31
3771,27
3772,64
3773,29
3774,4
3775,15
3776,39
3777,29
3778,187
3779,70
3780,51
3781,11
3782,28
3783,4
3784,27
3785,32
3786,39
3787,47
3788,15
3789,30
3790,109
3791,27
3792,15
3793,23
3794,2
3795,333
3796,27
3797,4
3798,4
3799,334
3800,51
3801,23
3802,7
3803,49
3804,28
3805,21
3806,6
3807,15
3808,15
3809,335
3810,31
3811,52
3812,4
3813,27
3814,22
3815,86
3816,51
3817,17
3818,13
3819,10
3820,320
3821,4
3822,3
3823,7
3824,26
3825,31
3826,28
3827,31
3828,0
3829,28
3830,43
3831,15
3832,38
3833,27
3834,15
3835,29
3836,28
3837,4
3838,336
3839,4
3840,30
3841,0
3842,29
3843,21
3844,15
3845,4
3846,15
3847,11
3848,82
3849,6
3850,43
3851,6
3852,28
3853,15
3854,17
3855,28
3856,21
3857,15
3858,21
3859,3
3860,4
3861,0
3862,19
3863,4
3864,38
3865,4
3866,4
3867,78
3868,31
3869,20
3870,15
3871,4
3872,4
3873,11
3874,38
3875,25
3876,4
3877,4
3878,10
3879,15
3880,10
3881,22
3882,78
3883,21
3884,4
3885,337
3886,4
3887,17
3888,29
3889,31
3890,22
3891,0
3892,47
3893,15
3894,15
3895,15
3896,27
3897,32
3898,20
3899,141
3900,11
3901,13
3902,30
3903,22
3904,28
3905,4
3906,27
3907,30
3908,99
3909,5
3910,5
3911,23
3912,2
3913,13
3914,4
3915,338
3916,14
3917,57
3918,4
3919,4
3920,18
3921,4
3922,0
3923,4
3924,0
3925,2
3926,31
3927,4
3928,70
3929,29
3930,339
3931,13
3932,4
3933,49
3934,4
3935,90
3936,4
3937,15
3938,52
3939,32
3940,0
3941,2
3942,46
3943,304
3944,18
3945,15
3946,19
3947,4
3948,21
3949,15
3950,15
3951,10
3952,4
3953,22
3954,4
3955,46
3956,31
3957,3
3958,4
3959,4
3960,4
3961,4
3962,340
3963,160
3964,27
3965,20
3966,15
3967,4
3968,22
3969,19
3970,28
3971,20
3972,15
3973,15
3974,4
3975,27
3976,4
3977,15
3978,236
3979,6
3980,30
3981,4
3982,4
3983,4
3984,4
3985,58
3986,15
3987,4
3988,26
3989,18
3990,4
3991,4
3992,4
3993,19
3994,0
3995,341
3996,4
3997,4
3998,22
3999,5
4000,15
4001,15
4002,21
4003,0
4004,15
4005,21
4006,4
4007,15
4008,4
4009,4
4010,4
4011,29
4012,15
4013,86
4014,0
4015,15
4016,27
4017,15
4018,15
4019,4
4020,4
4021,342
4022,4
4023,29
4024,4
4025,22
4026,13
4027,31
4028,160
4029,19
4030,27
4031,0
4032,29
4033,0
4034,4
4035,31
4036,10
4037,56
4038,22
4039,4
4040,68
4041,19
4042,29
4043,38
4044,28
4045,4
4046,11
4047,31
4048,15
4049,109
4050,4
4051,38
4052,4
4053,22
4054,68
4055,4
4056,15
4057,15
4058,15
4059,15
4060,41
4061,15
4062,15
4063,2
4064,343
4065,15
4066,28
4067,39
4068,58
4069,43
4070,4
4071,28
4072,20
4073,15
4074,4
4075,344
4076,15
4077,20
4078,48
4079,58
4080,15
4081,10
4082,19
4083,29
4084,2
4085,15
4086,4
4087,54
4088,38
4089,15
4090,29
4091,4
4092,41
4093,31
4094,345
4095,21
4096,31
4097,4
4098,58
4099,15
4100,4
4101,41
4102,15
4103,20
4104,26
4105,11
4106,346
4107,15
4108,21
4109,19
4110,27
4111,17
4112,17
4113,15
4114,11
4115,13
4116,198
4117,17
4118,52
4119,4
4120,226
4121,197
4122,347
4123,17
4124,28
4125,87
4126,37
4127,192
4128,23
4129,17
4130,104
4131,79
4132,60
4133,348
4134,349
4135,198
4136,73
4137,58
4138,34
4139,23
4140,23
4141,17
4142,79
4143,23
4144,350
4145,191
4146,47
4147,23
4148,78
4149,351
4150,75
4151,23
4152,83
4153,73
4154,17
4155,78
4156,17
4157,173
4158,12
4159,47
4160,17
4161,324
4162,352
4163,23
4164,4
4165,17
4166,353
4167,354
4168,75
4169,23
4170,51
4171,54
4172,27
4173,60
4174,4
4175,4
4176,52
4177,245
4178,151
4179,57
4180,31
4181,154
4182,47
4183,58
4184,4
4185,15
4186,34
4187,47
4188,83
4189,26
4190,57
4191,355
4192,31
4193,356
4194,14
4195,73
4196,14
4197,182
4198,49
4199,9
4200,58
4201,4
4202,22
4203,221
4204,2
4205,15
4206,15
4207,174
4208,198
4209,7
4210,78
4211,357
4212,58
4213,4
4214,23
4215,73
4216,27
4217,23
4218,15
4219,38
4220,104
4221,17
4222,4
4223,22
4224,10
4225,4
4226,83
4227,22
4228,73
4229,31
4230,182
4231,22
4232,358
4233,17
4234,134
4235,308
4236,22
4237,359
4238,306
4239,22
4240,10
4241,78
4242,58
4243,3
4244,9
4245,15
4246,4
4247,6
4248,289
4249,4
4250,17
4251,87
4252,299
4253,253
4254,4
4255,64
4256,57
4257,48
4258,47
4259,10
4260,4
4261,139
4262,15
4263,31
4264,0
4265,30
4266,360
4267,328
4268,4
4269,10
4270,7
4271,28
4272,187
4273,58
4274,51
4275,4
4276,4
4277,9
4278,47
4279,4
4280,361
4281,0
4282,82
4283,4
4284,11
4285,19
4286,362
4287,4
4288,363
4289,364
4290,26
4291,23
4292,31
4293,22
4294,4
4295,213
4296,23
4297,4
4298,365
4299,49
4300,4
4301,4
4302,0
4303,203
4304,4
4305,4
4306,7
4307,196
4308,13
4309,66
4310,15
4311,4
4312,366
4313,15
4314,2
4315,141
4316,15
4317,18
4318,29
4319,367
4320,368
4321,29
4322,23
4323,4
4324,47
4325,29
4326,369
4327,43
4328,15
4329,82
4330,23
4331,49
4332,17
4333,15
4334,18
4335,13
4336,4
4337,135
4338,18
4339,15
4340,19
4341,60
4342,19
4343,148
4344,18
4345,57
4346,47
4347,21
4348,38
4349,39
4350,5
4351,47
4352,15
4353,198
4354,197
4355,15
4356,4
4357,96
4358,29
4359,3
4360,32
4361,21
4362,227
4363,27
4364,194
4365,38
4366,7
4367,4
4368,29
4369,28
4370,83
4371,23
4372,38
4373,4
4374,370
4375,15
4376,41
4377,3
4378,139
4379,94
4380,197
4381,41
4382,22
4383,182
4384,28
4385,38
4386,27
4387,2
4388,56
4389,15
4390,86
4391,139
4392,2
4393,15
4394,23
4395,4
4396,15
4397,32
4398,41
4399,15
4400,4
4401,4
4402,31
4403,4
4404,30
4405,15
4406,49
4407,29
4408,4
4409,2
4410,23
4411,4
4412,43
4413,31
4414,31
4415,22
4416,4
4417,3
4418,30
4419,38
4420,15
4421,218
4422,31
4423,43
4424,31
4425,18
4426,43
4427,22
4428,371
4429,372
4430,23
4431,82
4432,47
4433,22
4434,31
4435,373
4436,28
4437,19
4438,374
4439,10
4440,82
4441,4
4442,3
4443,29
4444,38
4445,4
4446,21
4447,27
4448,15
4449,20
4450,29
4451,0
4452,32
4453,27
4454,23
4455,38
4456,14
4457,23
4458,375
4459,30
4460,4
4461,29
4462,4
4463,17
4464,22
4465,25
4466,28
4467,15
4468,4
4469,4
4470,27
4471,28
4472,21
4473,26
4474,4
4475,39
4476,3
4477,4
4478,32
4479,9
4480,64
4481,15
4482,11
4483,27
4484,15
4485,15
4486,4
4487,24
4488,31
4489,43
4490,61
4491,64
4492,13
4493,10
4494,26
4495,13
4496,41
4497,28
4498,86
4499,22
4500,31
4501,46
4502,4
4503,109
4504,21
4505,51
4506,376
4507,28
4508,34
4509,245
4510,11
4511,26
4512,15
4513,236
4514,26
4515,86
4516,15
4517,27
4518,15
4519,233
4520,377
4521,23
4522,38
4523,14
4524,27
4525,31
4526,29
4527,56
4528,15
4529,21
4530,51
4531,2
4532,15
4533,2
4534,18
4535,22
4536,15
4537,28
4538,38
4539,15
4540,15
4541,4
4542,15
4543,0
4544,0
4545,29
4546,139
4547,4
4548,15
4549,180
4550,17
4551,4
4552,4
4553,27
4554,90
4555,151
4556,180
4557,15
4558,11
4559,15
4560,4
4561,4
4562,38
4563,4
4564,28
4565,31
4566,4
4567,19
4568,2
4569,15
4570,378
4571,379
4572,59
4573,26
4574,15
4575,27
4576,4
4577,28
4578,4
4579,0
4580,380
4581,31
4582,15
4583,52
4584,0
4585,8
4586,15
4587,4
4588,6
4589,127
4590,14
4591,4
4592,14
4593,28
4594,30
4595,21
4596,3
4597,21
4598,0
4599,114
4600,4
4601,15
4602,4
4603,13
4604,18
4605,23
4606,4
4607,4
4608,21
4609,381
4610,7
4611,4
4612,22
4613,10
4614,15
4615,30
4616,15
4617,0
4618,4
4619,11
4620,30
4621,72
4622,99
4623,4
4624,4
4625,30
4626,4
4627,68
4628,15
4629,4
4630,0
4631,242
4632,28
4633,4
4634,47
4635,31
4636,3
4637,49
4638,28
4639,22
4640,4
4641,38
4642,2
4643,27
4644,11
4645,4
4646,15
4647,4
4648,38
4649,43
4650,29
4651,15
4652,4
4653,73
4654,64
4655,27
4656,43
4657,32
4658,4
4659,4
4660,4
4661,4
4662,4
4663,23
4664,0
4665,27
4666,15
4667,15
4668,0
4669,382
4670,31
4671,31
4672,4
4673,0
4674,30
4675,0
4676,31
4677,4
4678,383
4679,0
4680,20
4681,18
4682,38
4683,59
4684,4
4685,4
4686,15
4687,21
4688,15
4689,2
4690,38
4691,4
4692,31
4693,0
4694,384
4695,19
4696,11
4697,4
4698,11
4699,82
4700,7
4701,27
4702,32
4703,29
4704,4
4705,38
4706,2
4707,4
4708,10
4709,70
4710,18
4711,27
4712,15
4713,29
4714,11
4715,30
4716,4
4717,4
4718,4
4719,70
4720,385
4721,28
4722,15
4723,46
4724,29
4725,386
4726,105
4727,15
4728,28
4729,15
4730,28
4731,4
4732,31
4733,41
4734,0
4735,31
4736,13
4737,0
4738,15
4739,4
4740,11
4741,4
4742,58
4743,15
4744,4
4745,387
4746,7
4747,15
4748,15
4749,15
4750,4
4751,18
4752,4
4753,15
4754,4
4755,7
4756,15
4757,388
4758,32
4759,86
4760,4
4761,27
4762,18
4763,31
4764,15
4765,389
4766,22
4767,27
4768,154
4769,15
4770,4
4771,15
4772,15
4773,154
4774,15
4775,135
4776,47
4777,58
4778,390
4779,115
4780,31
4781,73
4782,51
4783,73
4784,23
4785,47
4786,23
4787,58
4788,47
4789,17
4790,88
4791,153
4792,127
4793,120
4794,15
4795,60
4796,60
4797,154
4798,23
4799,29
4800,31
4801,47
4802,60
4803,23
4804,41
4805,38
4806,135
4807,96
4808,107
4809,391
4810,10
4811,4
4812,73
4813,304
4814,17
4815,392
4816,58
4817,289
4818,23
4819,202
4820,58
4821,393
4822,27
4823,47
4824,23
4825,4
4826,17
4827,4
4828,4
4829,278
4830,57
4831,71
4832,78
4833,40
4834,198
4835,394
4836,226
4837,141
4838,14
4839,47
4840,60
4841,30
4842,395
4843,61
4844,47
4845,23
4846,15
4847,61
4848,4
4849,27
4850,4
4851,22
4852,157
4853,7
4854,4
4855,178
4856,78
4857,60
4858,396
4859,235
4860,16
4861,187
4862,4
4863,4
4864,43
4865,38
4866,397
4867,47
4868,102
4869,49
4870,28
4871,142
4872,44
4873,398
4874,15
4875,52
4876,32
4877,45
4878,4
4879,4
4880,4
4881,4
4882,8
4883,30
4884,31
4885,47
4886,4
4887,4
4888,4
4889,399
4890,31
4891,19
4892,47
4893,4
4894,91
4895,0
4896,8
4897,15
4898,400
4899,59
4900,4
4901,31
4902,4
4903,10
4904,43
4905,154
4906,49
4907,6
4908,4
4909,2
4910,34
4911,19
4912,4
4913,204
4914,401
4915,2
4916,4
4917,17
4918,4
4919,4
4920,65
4921,65
4922,6
4923,68
4924,25
4925,0
4926,104
4927,402
4928,2
4929,23
4930,28
4931,4
4932,31
4933,403
4934,28
4935,32
4936,6
4937,29
4938,4
4939,60
4940,22
4941,86
4942,4
4943,46
4944,178
4945,50
4946,15
4947,4
4948,242
4949,15
4950,4
4951,2
4952,4
4953,28
4954,15
4955,4
4956,82
4957,18
4958,15
4959,0
4960,404
4961,38
4962,162
4963,15
4964,7
4965,27
4966,104
4967,15
4968,4
4969,4
4970,23
4971,11
4972,4
4973,22
4974,78
4975,405
4976,4
4977,28
4978,406
4979,27
4980,407
4981,28
4982,11
4983,23
4984,0
4985,4
4986,28
4987,73
4988,30
4989,23
4990,23
4991,43
4992,226
4993,19
4994,2
4995,14
4996,27
4997,15
4998,408
4999,4
5000,19
5001,28
5002,47
5003,409
5004,38
5005,23
5006,47
5007,56
5008,4
5009,31
5010,10
5011,15
5012,4
5013,82
5014,3
5015,8
5016,29
5017,29
5018,4
5019,73
5020,64
5021,15
5022,30
5023,82
5024,15
5025,47
5026,2
5027,2
5028,78
5029,47
5030,4
5031,4
5032,4
5033,15
5034,4
5035,254
5036,21
5037,31
5038,64
5039,147
5040,15
5041,54
5042,15
5043,15
5044,11
5045,130
5046,15
5047,90
5048,86
5049,17
5050,20
5051,2
5052,31
5053,4
5054,15
5055,56
5056,47
5057,192
5058,41
5059,47
5060,19
5061,14
5062,57
5063,4
5064,15
5065,41
5066,29
5067,410
5068,29
5069,4
5070,15
5071,4
5072,28
5073,32
5074,0
5075,51
5076,4
5077,28
5078,65
5079,28
5080,15
5081,123
5082,4
5083,6
5084,38
5085,72
5086,4
5087,4
5088,38
5089,86
5090,4
5091,49
5092,86
5093,15
5094,29
5095,31
5096,4
5097,28
5098,27
5099,30
5100,22
5101,0
5102,19
5103,2
5104,28
5105,4
5106,0
5107,4
5108,28
5109,26
5110,27
5111,19
5112,4
5113,9
5114,4
5115,68
5116,4
5117,7
5118,4
5119,0
5120,43
5121,27
5122,13
5123,38
5124,4
5125,28
5126,22
5127,149
5128,15
5129,58
5130,6
5131,46
5132,4
5133,6
5134,26
5135,4
5136,4
5137,31
5138,15
5139,4
5140,64
5141,151
5142,0
5143,15
5144,4
5145,2
5146,15
5147,28
5148,86
5149,18
5150,32
5151,15
5152,27
5153,4
5154,65
5155,13
5156,6
5157,4
5158,0
5159,32
5160,38
5161,29
5162,4
5163,70
5164,411
5165,28
5166,18
5167,15
5168,15
5169,15
5170,31
5171,29
5172,2
5173,4
5174,4
5175,4
5176,15
5177,15
5178,38
5179,412
5180,4
5181,15
5182,4
5183,4
5184,4
5185,15
5186,27
5187,4
5188,15
5189,15
5190,15
5191,28
5192,64
5193,15
5194,15
5195,31
5196,15
5197,31
5198,4
5199,31
5200,81
5201,27
5202,215
5203,413
5204,148
5205,311
5206,104
5207,79
5208,40
5209,414
5210,415
5211,57
5212,416
5213,309
5214,215
5215,167
5216,242
5217,166
5218,417
5219,406
5220,127
5221,418
5222,73
5223,419
5224,15
5225,420
5226,23
5227,17
5228,23
5229,187
5230,12
5231,79
5232,71
5233,192
5234,269
5235,14
5236,4
5237,58
5238,14
5239,421
5240,47
5241,78
5242,422
5243,75
5244,54
5245,104
5246,186
5247,215
5248,2
5249,245
5250,135
5251,15
5252,423
5253,47
5254,78
5255,70
5256,424
5257,30
5258,73
5259,4
5260,23
5261,0
5262,4
5263,6
5264,108
5265,52
5266,6
5267,32
5268,27
5269,425
5270,13
5271,27
5272,4
5273,13
5274,52
5275,4
5276,4
5277,27
5278,23
5279,14
5280,4
5281,23
5282,4
5283,4
5284,21
5285,295
5286,31
5287,4
5288,18
5289,8
5290,0
5291,4
5292,29
5293,29
5294,47
5295,83
5296,426
5297,4
5298,226
5299,83
5300,427
5301,160
5302,31
5303,428
5304,15
5305,4
5306,15
5307,429
5308,15
5309,2
5310,78
5311,31
5312,38
5313,23
5314,430
5315,431
5316,0
5317,86
5318,78
5319,52
5320,432
5321,19
5322,124
5323,27
5324,60
5325,300
5326,43
5327,27
5328,6
5329,248
5330,31
5331,157
5332,2
5333,4
5334,31
5335,38
5336,52
5337,62
5338,15
5339,21
5340,194
5341,46
5342,4
5343,15
5344,14
5345,27
5346,15
5347,4
5348,4
5349,9
5350,3
5351,4
5352,28
5353,433
5354,14
5355,27
5356,2
5357,38
5358,15
5359,23
5360,23
5361,19
5362,28
5363,15
5364,4
5365,0
5366,4
5367,47
5368,2
5369,94
5370,160
5371,43
5372,30
5373,24
5374,29
5375,23
5376,57
5377,59
5378,37
5379,23
5380,47
5381,4
5382,434
5383,4
5384,27
5385,22
5386,31
5387,44
5388,57
5389,29
5390,6
5391,15
5392,61
5393,34
5394,78
5395,3
5396,4
5397,435
5398,66
5399,4
5400,23
5401,436
5402,117
5403,17
5404,4
5405,15
5406,29
5407,56
5408,4
5409,29
5410,437
5411,0
5412,15
5413,15
5414,253
5415,4
5416,30
5417,15
5418,15
5419,14
5420,66
5421,15
5422,0
5423,438
5424,29
5425,7
5426,26
5427,82
5428,4
5429,23
5430,4
5431,54
5432,4
5433,51
5434,15
5435,23
5436,38
5437,135
5438,23
5439,439
5440,78
5441,2
5442,32
5443,4
5444,2
5445,26
5446,15
5447,2
5448,440
5449,4
5450,1
5451,15
5452,22
5453,29
5454,15
5455,15
5456,15
5457,22
5458,49
5459,83
5460,2
5461,70
5462,32
5463,10
5464,4
5465,32
5466,19
5467,31
5468,18
5469,4
5470,38
5471,57
5472,31
5473,4
5474,39
5475,52
5476,38
5477,31
5478,4
5479,27
5480,441
5481,14
5482,31
5483,30
5484,4
5485,22
5486,21
5487,15
5488,15
5489,4
5490,4
5491,27
5492,4
5493,15
5494,46
5495,4
5496,0
5497,52
5498,41
5499,15
5500,86
5501,15
5502,14
5503,4
5504,4
5505,4
5506,0
5507,332
5508,22
5509,4
5510,4
5511,15
5512,86
5513,28
5514,62
5515,13
5516,4
5517,15
5518,21
5519,20
5520,38
5521,4
5522,2
5523,29
5524,13
5525,28
5526,107
5527,57
5528,4
5529,80
5530,3
5531,27
5532,0
5533,15
5534,15
5535,4
5536,46
5537,15
5538,4
5539,38
5540,15
5541,0
5542,11
5543,15
5544,20
5545,442
5546,15
5547,4
5548,15
5549,15
5550,4
5551,13
5552,38
5553,4
5554,49
5555,17
5556,86
5557,4
5558,4
5559,4
5560,78
5561,29
5562,15
5563,159
5564,27
5565,58
5566,0
5567,31
5568,105
5569,15
5570,27
5571,4
5572,79
5573,15
5574,73
5575,14
5576,124
5577,15
5578,182
5579,17
5580,23
5581,4
5582,60
5583,47
5584,23
5585,25
5586,187
5587,4
5588,182
5589,14
5590,105
5591,17
5592,443
5593,17
5594,23
5595,58
5596,25
5597,23
5598,23
5599,4
5600,23
5601,171
5602,2
5603,2
5604,444
5605,81
5606,4
5607,4
5608,248
5609,21
5610,29
5611,28
5612,135
5613,445
5614,27
5615,81
5616,4
5617,43
5618,31
5619,9
5620,446
5621,187
5622,73
5623,38
5624,304
5625,0
5626,56
5627,55
5628,49
5629,36
5630,32
5631,28
5632,83
5633,28
5634,4
5635,4
5636,15
5637,22
5638,28
5639,10
5640,23
5641,4
5642,21
5643,45
5644,271
5645,38
5646,41
5647,27
5648,54
5649,15
5650,23
5651,4
5652,4
5653,28
5654,15
5655,57
5656,56
5657,11
5658,28
5659,27
5660,90
5661,15
5662,447
5663,3
5664,4
5665,4
5666,6
5667,21
5668,52
5669,49
5670,4
5671,138
5672,10
5673,104
5674,4
5675,31
5676,8
5677,7
5678,38
5679,57
5680,15
5681,28
5682,96
5683,11
5684,57
5685,38
5686,15
5687,15
5688,4
5689,15
5690,83
5691,448
5692,45
5693,4
5694,4
5695,79
5696,449
5697,79
5698,4
5699,6
5700,4
5701,15
5702,0
5703,192
5704,27
5705,4
5706,23
5707,28
5708,27
5709,17
5710,197
5711,23
5712,14
5713,4
5714,27
5715,450
5716,15
5717,23
5718,4
5719,0
5720,83
5721,4
5722,43
5723,231
5724,28
5725,451
5726,4
5727,15
5728,29
5729,4
5730,4
5731,57
5732,70
5733,23
5734,408
5735,27
5736,15
5737,20
5738,64
5739,47
5740,6
5741,7
5742,0
5743,61
5744,31
5745,4
5746,452
5747,32
5748,0
5749,4
5750,29
5751,261
5752,21
5753,21
5754,62
5755,0
5756,14
5757,22
5758,0
5759,0
5760,38
5761,68
5762,32
5763,45
5764,0
5765,4
5766,60
5767,4
5768,31
5769,22
5770,52
5771,4
5772,31
5773,70
5774,149
5775,2
5776,4
5777,19
5778,4
5779,22
5780,8
5781,4
5782,15
5783,43
5784,19
5785,4
5786,31
5787,4
5788,4
5789,27
5790,27
5791,52
5792,39
5793,28
5794,183
5795,4
5796,38
5797,4
5798,4
5799,150
5800,29
5801,4
5802,31
5803,15
5804,15
5805,2
5806,4
5807,28
5808,4
5809,3
5810,82
5811,70
5812,31
5813,38
5814,38
5815,11
5816,4
5817,43
5818,107
5819,15
5820,453
5821,4
5822,31
5823,4
5824,30
5825,4
5826,4
5827,27
5828,4
5829,32
5830,22
5831,9
5832,384
5833,15
5834,18
5835,31
5836,4
5837,52
5838,4
5839,86
5840,2
5841,41
5842,26
5843,28
5844,30
5845,4
5846,15
5847,4
5848,15
5849,30
5850,3
5851,70
5852,15
5853,4
5854,31
5855,15
5856,15
5857,38
5858,19
5859,15
5860,15
5861,4
5862,4
5863,15
5864,15
5865,4
5866,413
5867,197
5868,181
5869,71
5870,182
5871,107
5872,57
5873,11
5874,15
5875,226
5876,272
5877,75
5878,47
5879,78
5880,23
5881,308
5882,47
5883,23
5884,454
5885,193
5886,54
5887,455
5888,245
5889,117
5890,456
5891,58
5892,457
5893,4
5894,23
5895,41
5896,7
5897,52
5898,226
5899,30
5900,32
5901,50
5902,73
5903,28
5904,458
5905,459
5906,208
5907,182
5908,13
5909,23
5910,38
5911,32
5912,28
5913,2
5914,4
5915,6
5916,38
5917,4
5918,14
5919,460
5920,30
5921,0
5922,27
5923,30
5924,5
5925,19
5926,0
5927,21
5928,17
5929,4
5930,7
5931,23
5932,83
5933,29
5934,31
5935,4
5936,38
5937,441
5938,81
5939,29
5940,7
5941,23
5942,4
5943,34
5944,86
5945,30
5946,4
5947,86
5948,4
5949,15
5950,11
5951,38
5952,142
5953,12
5954,27
5955,88
5956,22
5957,28
5958,15
5959,4
5960,4
5961,46
5962,37
5963,28
5964,15
5965,3
5966,9
5967,4
5968,4
5969,23
5970,38
5971,15
5972,41
5973,73
5974,57
5975,4
5976,4
5977,38
5978,40
5979,4
5980,47
5981,2
5982,4
5983,226
5984,4
5985,52
5986,4
5987,28
5988,29
5989,4
5990,0
5991,28
5992,4
5993,23
5994,15
5995,4
5996,27
5997,23
5998,461
5999,87
6000,32
6001,23
6002,52
6003,462
6004,23
6005,31
6006,73
6007,14
6008,304
6009,463
6010,15
6011,2
6012,86
6013,28
6014,6
6015,15
6016,38
6017,15
6018,65
6019,20
6020,464
6021,4
6022,29
6023,0
6024,15
6025,29
6026,28
6027,15
6028,28
6029,135
6030,55
6031,2
6032,38
6033,30
6034,6
6035,31
6036,38
6037,15
6038,4
6039,4
6040,32
6041,4
6042,4
6043,22
6044,4
6045,62
6046,27
6047,4
6048,375
6049,15
6050,62
6051,26
6052,4
6053,31
6054,26
6055,15
6056,0
6057,0
6058,29
6059,28
6060,31
6061,4
6062,23
6063,332
6064,36
6065,82
6066,31
6067,4
6068,27
6069,43
6070,0
6071,28
6072,28
6073,41
6074,26
6075,453
6076,4
6077,18
6078,0
6079,62
6080,49
6081,64
6082,15
6083,4
6084,18
6085,27
6086,4
6087,10
6088,0
6089,4
6090,154
6091,41
6092,4
6093,73
6094,3
6095,27
6096,15
6097,18
6098,28
6099,31
6100,26
6101,465
6102,0
6103,4
6104,21
6105,52
6106,29
6107,27
6108,21
6109,0
6110,38
6111,4
6112,466
6113,15
6114,4
6115,15
6116,29
6117,38
6118,15
6119,31
6120,58
6121,15
6122,30
6123,21
6124,21
6125,4
6126,15
6127,19
6128,52
6129,28
6130,149
6131,15
6132,5
6133,4
6134,26
6135,467
6136,29
6137,2
6138,15
6139,22
6140,15
6141,15
6142,0
6143,29
6144,454
6145,15
6146,41
6147,26
6148,11
6149,219
6150,4
6151,26
6152,64
6153,21
6154,15
6155,15
6156,4
6157,29
6158,15
6159,58
6160,15
6161,27
6162,15
6163,11
6164,114
6165,15
6166,4
6167,21
6168,15
6169,15
6170,4
6171,4
6172,4
6173,4
6174,15
6175,314
6176,22
6177,31
6178,57
6179,15
6180,4
6181,15
6182,15
6183,0
6184,4
6185,73
6186,154
6187,134
6188,195
6189,58
6190,40
6191,468
6192,374
6193,151
6194,60
6195,135
6196,73
6197,469
6198,19
6199,192
6200,32
6201,187
6202,431
6203,443
6204,183
6205,25
6206,420
6207,26
6208,4
6209,24
6210,23
6211,17
6212,70
6213,71
6214,81
6215,187
6216,4
6217,66
6218,412
6219,183
6220,4
6221,58
6222,4
6223,17
6224,29
6225,73
6226,23
6227,27
6228,7
6229,23
6230,18
6231,165
6232,29
6233,21
6234,2
6235,11
6236,73
6237,0
6238,12
6239,4
6240,47
6241,210
6242,29
6243,4
6244,28
6245,28
6246,27
6247,27
6248,117
6249,19
6250,4
6251,10
6252,32
6253,38
6254,0
6255,47
6256,4
6257,4
6258,18
6259,29
6260,307
6261,27
6262,15
6263,81
6264,4
6265,38
6266,31
6267,4
6268,31
6269,28
6270,82
6271,78
6272,30
6273,19
6274,0
6275,23
6276,4
6277,15
6278,461
6279,4
6280,15
6281,0
6282,4
6283,397
6284,15
6285,2
6286,70
6287,4
6288,14
6289,4
6290,4
6291,4
6292,4
6293,2
6294,187
6295,191
6296,38
6297,15
6298,117
6299,15
6300,4
6301,73
6302,88
6303,3
6304,470
6305,32
6306,96
6307,471
6308,6
6309,4
6310,24
6311,15
6312,44
6313,68
6314,4
6315,4
6316,30
6317,472
6318,4
6319,31
6320,7
6321,4
6322,32
6323,2
6324,23
6325,44
6326,4
6327,52
6328,4
6329,72
6330,4
6331,32
6332,60
6333,4
6334,17
6335,4
6336,28
6337,27
6338,57
6339,4
6340,0
6341,80
6342,4
6343,192
6344,43
6345,79
6346,4
6347,41
6348,473
6349,4
6350,3
6351,10
6352,56
6353,4
6354,19
6355,23
6356,15
6357,465
6358,4
6359,19
6360,21
6361,15
6362,15
6363,474
6364,14
6365,15
6366,6
6367,79
6368,4
6369,79
6370,43
6371,4
6372,15
6373,141
6374,4
6375,4
6376,72
6377,475
6378,4
6379,21
6380,4
6381,14
6382,44
6383,4
6384,29
6385,5
6386,2
6387,4
6388,4
6389,15
6390,27
6391,27
6392,30
6393,59
6394,15
6395,4
6396,2
6397,4
6398,15
6399,31
6400,476
6401,20
6402,30
6403,4
6404,21
6405,15
6406,43
6407,30
6408,4
6409,43
6410,477
6411,46
6412,46
6413,14
6414,9
6415,4
6416,4
6417,2
6418,4
6419,10
6420,4
6421,72
6422,15
6423,0
6424,4
6425,4
6426,15
6427,41
6428,46
6429,65
6430,15
6431,21
6432,52
6433,0
6434,11
6435,38
6436,28
6437,4
6438,4
6439,15
6440,15
6441,15
6442,15
6443,4
6444,478
6445,4
6446,479
6447,11
6448,4
6449,4
6450,3
6451,107
6452,134
6453,105
6454,291
6455,15
6456,15
6457,73
6458,88
6459,58
6460,294
6461,15
6462,15
6463,58
6464,30
6465,4
6466,47
6467,73
6468,374
6469,480
6470,132
6471,171
6472,47
6473,333
6474,361
6475,60
6476,58
6477,120
6478,38
6479,50
6480,17
6481,104
6482,52
6483,22
6484,32
6485,194
6486,481
6487,4
6488,241
6489,139
6490,78
6491,438
6492,482
6493,10
6494,4
6495,96
6496,4
6497,347
6498,47
6499,130
6500,31
6501,304
6502,23
6503,22
6504,15
6505,0
6506,22
6507,10
6508,73
6509,48
6510,22
6511,160
6512,245
6513,483
6514,72
6515,4
6516,0
6517,43
6518,4
6519,31
6520,4
6521,31
6522,4
6523,22
6524,34
6525,9
6526,38
6527,4
6528,38
6529,38
6530,4
6531,64
6532,18
6533,38
6534,15
6535,41
6536,18
6537,22
6538,31
6539,57
6540,30
6541,4
6542,27
6543,4
6544,4
6545,4
6546,62
6547,66
6548,27
6549,4
6550,4
6551,15
6552,15
6553,484
6554,23
6555,27
6556,15
6557,29
6558,4
6559,15
6560,15
6561,15
6562,4
6563,31
6564,261
6565,135
6566,4
6567,192
6568,28
6569,28
6570,0
6571,4
6572,14
6573,27
6574,8
6575,4
6576,31
6577,4
6578,22
6579,23
6580,31
6581,28
6582,41
6583,15
6584,66
6585,11
6586,15
6587,29
6588,15
6589,4
6590,154
6591,68
6592,14
6593,2
6594,86
6595,15
6596,43
6597,29
6598,62
6599,22
6600,15
6601,56
6602,3
6603,39
6604,15
6605,159
6606,15
6607,139
6608,159
6609,15
6610,32
6611,41
6612,38
6613,2
6614,19
6615,0
6616,15
6617,73
6618,4
6619,245
6620,15
6621,15
6622,58
6623,57
6624,23
6625,23
6626,194
6627,2
6628,485
6629,226
6630,23
6631,135
6632,47
6633,73
6634,47
6635,486
6636,23
6637,56
6638,194
6639,487
6640,104
6641,17
6642,104
6643,44
6644,236
6645,488
6646,31
6647,38
6648,38
6649,27
6650,57
6651,88
6652,489
6653,4
6654,22
6655,27
6656,17
6657,2
6658,4
6659,260
6660,115
6661,27
6662,17
6663,27
6664,15
6665,197
6666,38
6667,22
6668,47
6669,7
6670,182
6671,233
6672,134
6673,490
6674,4
6675,303
6676,3
6677,4
6678,4
6679,28
6680,55
6681,4
6682,17
6683,23
6684,11
6685,28
6686,70
6687,86
6688,57
6689,52
6690,4
6691,491
6692,226
6693,81
6694,2
6695,15
6696,23
6697,27
6698,14
6699,11
6700,15
6701,57
6702,4
6703,159
6704,59
6705,49
6706,15
6707,4
6708,4
6709,29
6710,15
6711,0
6712,42
6713,11
6714,27
6715,32
6716,4
6717,28
6718,11
6719,86
6720,22
6721,32
6722,22
6723,15
6724,31
6725,4
6726,181
6727,15
6728,29
6729,3
6730,15
6731,22
6732,21
6733,492
6734,11
6735,30
6736,11
6737,11
6738,4
6739,493
6740,94
6741,494
6742,15
6743,104
6744,23
6745,47
6746,254
6747,58
6748,24
6749,186
6750,71
6751,495
6752,135
6753,23
6754,361
6755,55
6756,23
6757,104
6758,54
6759,209
6760,496
6761,34
6762,242
6763,174
6764,50
6765,107
6766,17
6767,27
6768,50
6769,318
6770,409
6771,38
6772,47
6773,497
6774,8
6775,47
6776,0
6777,28
6778,48
6779,4
6780,4
6781,23
6782,28
6783,23
6784,27
6785,4
6786,43
6787,27
6788,498
6789,14
6790,15
6791,21
6792,27
6793,7
6794,23
6795,4
6796,0
6797,75
6798,15
6799,38
6800,4
6801,245
6802,47
6803,4
6804,499
6805,247
6806,6
6807,142
6808,4
6809,21
6810,17
6811,27
6812,32
6813,283
6814,62
6815,4
6816,4
6817,43
6818,4
6819,4
6820,500
6821,44
6822,15
6823,0
6824,15
6825,501
6826,4
6827,29
6828,4
6829,4
6830,38
6831,4
6832,502
6833,2
6834,30
6835,4
6836,29
6837,4
6838,13
6839,4
6840,28
6841,2
6842,41
6843,4
6844,154
6845,30
6846,4
6847,4
6848,56
6849,4
6850,27
6851,22
6852,15
6853,4
6854,4
6855,4
6856,4
6857,30
6858,4
6859,0
6860,4
6861,4
6862,15
6863,19
6864,65
6865,28
6866,15
6867,124
6868,15
6869,0
6870,15
6871,15
6872,15
6873,15
6874,15
6875,29
6876,503
6877,4
6878,17
6879,4
6880,41
6881,4
6882,15
6883,304
6884,44
6885,47
6886,48
6887,139
6888,81
6889,191
6890,58
6891,136
6892,31
6893,504
6894,226
6895,3
6896,17
6897,23
6898,4
6899,56
6900,60
6901,505
6902,57
6903,15
6904,4
6905,4
6906,28
6907,4
6908,304
6909,49
6910,36
6911,48
6912,31
6913,15
6914,39
6915,4
6916,6
6917,17
6918,4
6919,2
6920,31
6921,49
6922,15
6923,506
6924,19
6925,4
6926,41
6927,2
6928,94
6929,41
6930,15
6931,4
6932,31
6933,11
6934,15
6935,29
6936,27
6937,323
6938,68
6939,0
6940,15
6941,15
6942,15
6943,2
6944,27
6945,2
6946,412
6947,27
6948,507
6949,4
6950,4
6951,4
6952,4
6953,22
6954,203
6955,18
6956,4
6957,27
6958,28
6959,15
6960,29
6961,45
6962,4
6963,58
6964,27
6965,22
6966,43
6967,4
6968,4
6969,31
6970,253
6971,18
6972,4
6973,29
6974,4
6975,51
6976,70
6977,86
6978,11
6979,43
6980,4
6981,160
6982,0
6983,3
6984,22
6985,32
6986,27
6987,58
6988,15
6989,4
6990,82
6991,4
6992,58
6993,27
6994,57
6995,4
6996,23
6997,15
6998,117
6999,29
7000,508
7001,15
7002,509
7003,249
7004,15
7005,510
7006,60
7007,318
7008,23
7009,79
7010,304
7011,119
7012,191
7013,23
7014,135
7015,511
7016,512
7017,58
7018,135
7019,31
7020,6
7021,513
7022,15
7023,404
7024,304
7025,4
7026,30
7027,18
7028,44
7029,514
7030,73
7031,9
7032,21
7033,283
7034,29
7035,10
7036,15
7037,64
7038,4
7039,515
7040,52
7041,49
7042,516
7043,41
7044,27
7045,75
7046,329
7047,4
7048,4
7049,22
7050,517
7051,23
7052,30
7053,62
7054,28
7055,518
7056,41
7057,47
7058,15
7059,17
7060,15
7061,71
7062,2
7063,0
7064,7
7065,4
7066,519
7067,69
7068,4
7069,22
7070,29
7071,38
7072,26
7073,30
7074,18
7075,23
7076,117
7077,17
7078,454
7079,6
7080,52
7081,192
7082,2
7083,28
7084,20
7085,4
7086,15
7087,31
7088,20
7089,30
7090,4
7091,15
7092,4
7093,520
7094,54
7095,31
7096,4
7097,4
7098,4
7099,28
7100,4
7101,4
7102,0
7103,26
7104,30
7105,28
7106,4
7107,22
7108,15
7109,38
7110,521
7111,19
7112,15
7113,15
7114,15
7115,522
7116,4
7117,4
7118,15
7119,15
7120,4
7121,15
7122,15
7123,52
7124,57
7125,27
7126,78
7127,87
7128,26
7129,57
7130,66
7131,28
7132,260
7133,17
7134,304
7135,135
7136,15
7137,13
7138,61
7139,22
7140,0
7141,304
7142,6
7143,523
7144,86
7145,32
7146,29
7147,182
7148,4
7149,236
7150,524
7151,187
7152,31
7153,4
7154,52
7155,4
7156,4
7157,49
7158,52
7159,525
7160,22
7161,17
7162,4
7163,52
7164,54
7165,44
7166,526
7167,29
7168,29
7169,227
7170,4
7171,43
7172,242
7173,332
7174,58
7175,82
7176,15
7177,15
7178,15
7179,47
7180,78
7181,4
7182,78
7183,11
7184,41
7185,22
7186,2
7187,28
7188,38
7189,38
7190,27
7191,0
7192,4
7193,15
7194,4
7195,4
7196,48
7197,4
7198,4
7199,38
7200,4
7201,21
7202,15
7203,15
7204,4
7205,28
7206,41
7207,4
7208,15
7209,42
7210,15
7211,18
7212,64
7213,15
7214,15
7215,43
7216,15
7217,4
7218,466
7219,527
7220,11
7221,32
7222,4
7223,15
7224,15
7225,15
7226,421
7227,15
7228,60
7229,38
7230,23
7231,135
7232,124
7233,528
7234,529
7235,530
7236,4
7237,6
7238,64
7239,41
7240,154
7241,117
7242,57
7243,406
7244,4
7245,78
7246,17
7247,307
7248,23
7249,4
7250,71
7251,17
7252,78
7253,7
7254,22
7255,11
7256,22
7257,31
7258,47
7259,30
7260,4
7261,82
7262,0
7263,78
7264,15
7265,0
7266,44
7267,22
7268,4
7269,31
7270,38
7271,191
7272,22
7273,21
7274,210
7275,2
7276,4
7277,31
7278,31
7279,11
7280,4
7281,22
7282,21
7283,49
7284,57
7285,45
7286,15
7287,31
7288,4
7289,95
7290,31
7291,408
7292,28
7293,17
7294,108
7295,47
7296,38
7297,52
7298,15
7299,4
7300,23
7301,4
7302,36
7303,4
7304,15
7305,4
7306,31
7307,2
7308,6
7309,31
7310,0
7311,26
7312,19
7313,27
7314,4
7315,15
7316,15
7317,4
7318,43
7319,28
7320,15
7321,15
7322,2
7323,4
7324,7
7325,15
7326,11
7327,38
7328,332
7329,4
7330,4
7331,4
7332,4
7333,4
7334,15
7335,123
7336,7
7337,15
7338,3
7339,30
7340,19
7341,58
7342,31
7343,22
7344,52
7345,38
7346,4
7347,4
7348,0
7349,15
7350,15
7351,27
7352,2
7353,4
7354,11
7355,9
7356,4
7357,4
7358,531
7359,27
7360,18
7361,15
7362,78
7363,15
7364,0
7365,87
7366,44
7367,15
7368,15
7369,32
7370,139
7371,532
7372,15
7373,9
7374,27
7375,4
7376,4
7377,17
7378,2
7379,533
7380,23
7381,83
7382,197
7383,28
7384,0
7385,38
7386,68
7387,2
7388,38
7389,15
7390,17
7391,47
7392,17
7393,7
7394,4
7395,4
7396,4
7397,0
7398,422
7399,534
7400,79
7401,17
7402,19
7403,64
7404,27
7405,0
7406,0
7407,62
7408,3
7409,535
7410,2
7411,57
7412,15
7413,31
7414,19
7415,15
7416,4
7417,15
7418,27
7419,15
7420,15
7421,4
7422,21
7423,233
7424,7
7425,51
7426,15
7427,4
7428,4
7429,4
7430,4
7431,4
7432,15
7433,19
7434,49
7435,4
7436,43
7437,4
7438,15
7439,242
7440,52
7441,15
7442,4
7443,10
7444,0
7445,15
7446,27
7447,27
7448,0
7449,26
7450,4
7451,182
7452,4
7453,114
7454,0
7455,536
7456,15
7457,29
7458,139
7459,47
7460,537
7461,47
7462,2
7463,58
7464,47
7465,38
7466,4
7467,83
7468,47
7469,15
7470,23
7471,52
7472,28
7473,4
7474,4
7475,4
7476,4
7477,32
7478,22
7479,30
7480,4
7481,289
7482,341
7483,27
7484,46
7485,23
7486,15
7487,43
7488,4
7489,28
7490,4
7491,4
7492,48
7493,4
7494,15
7495,2
7496,27
7497,31
7498,226
7499,28
7500,87
7501,15
7502,38
7503,31
7504,32
7505,7
7506,3
7507,15
7508,30
7509,41
7510,31
7511,18
7512,10
7513,538
7514,0
7515,278
7516,45
7517,154
7518,26
7519,78
7520,23
7521,382
7522,539
7523,1
7524,47
7525,11
7526,540
7527,17
7528,57
7529,151
7530,22
7531,60
7532,32
7533,28
7534,4
7535,18
7536,541
7537,371
7538,27
7539,38
7540,472
7541,55
7542,542
7543,47
7544,28
7545,28
7546,57
7547,50
7548,39
7549,28
7550,14
7551,4
7552,426
7553,73
7554,4
7555,15
7556,28
7557,28
7558,4
7559,62
7560,38
7561,268
7562,15
7563,19
7564,44
7565,83
7566,543
7567,44
7568,31
7569,2
7570,4
7571,0
7572,4
7573,15
7574,544
7575,4
7576,4
7577,83
7578,2
7579,28
7580,15
7581,13
7582,545
7583,32
7584,26
7585,4
7586,32
7587,4
7588,11
7589,15
7590,4
7591,29
7592,96
7593,47
7594,474
7595,23
7596,69
7597,57
7598,4
7599,352
7600,31
7601,23
7602,4
7603,15
7604,7
7605,82
7606,80
7607,23
7608,28
7609,135
7610,546
7611,41
7612,2
7613,47
7614,15
7615,10
7616,17
7617,4
7618,41
7619,326
7620,47
7621,57
7622,7
7623,547
7624,78
7625,4
7626,23
7627,15
7628,548
7629,22
7630,236
7631,135
7632,4
7633,11
7634,4
7635,14
7636,49
7637,21
7638,4
7639,4
7640,86
7641,4
7642,28
7643,0
7644,4
7645,28
7646,13
7647,10
7648,29
7649,9
7650,58
7651,4
7652,4
7653,52
7654,32
7655,27
7656,4
7657,15
7658,4
7659,31
7660,4
7661,177
7662,4
7663,30
7664,15
7665,15
7666,4
7667,22
7668,72
7669,15
7670,294
7671,217
7672,154
7673,17
7674,171
7675,4
7676,549
7677,517
7678,29
7679,325
7680,69
7681,47
7682,3
7683,7
7684,550
7685,551
7686,552
7687,15
7688,4
7689,43
7690,17
7691,15
7692,341
7693,47
7694,20
7695,15
7696,22
7697,187
7698,2
7699,38
7700,247
7701,29
7702,246
7703,3
7704,29
7705,40
7706,4
7707,250
7708,78
7709,273
7710,4
7711,15
7712,7
7713,175
7714,3
7715,9
7716,233
7717,6
7718,4
7719,4
7720,4
7721,9
7722,304
7723,2
7724,553
7725,4
7726,15
7727,0
7728,10
7729,27
7730,554
7731,62
7732,160
7733,21
7734,28
7735,27
7736,14
7737,65
7738,15
7739,408
7740,11
7741,0
7742,555
7743,11
7744,15
7745,4
7746,4
7747,15
7748,556
7749,6
7750,78
7751,78
7752,192
7753,119
7754,183
7755,6
7756,4
7757,105
7758,22
7759,4
7760,4
7761,307
7762,49
7763,0
7764,47
7765,15
7766,15
7767,80
7768,32
7769,19
7770,41
7771,70
7772,23
7773,4
7774,303
7775,37
7776,49
7777,87
7778,15
7779,557
7780,4
7781,15
7782,78
7783,47
7784,4
7785,15
7786,6
7787,509
7788,65
7789,27
7790,269
7791,61
7792,15
7793,27
7794,32
7795,4
7796,22
7797,29
7798,80
7799,28
7800,21
7801,43
7802,4
7803,3
7804,0
7805,28
7806,521
7807,15
7808,27
7809,18
7810,38
7811,15
7812,15
7813,4
7814,29
7815,9
7816,17
7817,15
7818,558
7819,559
7820,58
7821,321
7822,231
7823,200
7824,560
7825,561
7826,242
7827,3
7828,412
7829,2
7830,139
7831,32
7832,200
7833,308
7834,28
7835,310
7836,4
7837,7
7838,4
7839,86
7840,28
7841,15
7842,43
7843,31
7844,4
7845,5
7846,407
7847,15
7848,41
7849,22
7850,23
7851,226
7852,15
7853,4
7854,43
7855,2
7856,4
7857,15
7858,226
7859,27
7860,424
7861,43
7862,28
7863,15
7864,562
7865,4
7866,15
7867,32
7868,38
7869,15
7870,4
7871,27
7872,11
7873,29
7874,15
7875,27
7876,4
7877,15
7878,563
7879,7
7880,4
7881,4
7882,72
7883,29
7884,31
7885,4
7886,564
7887,31
7888,38
7889,15
7890,15
7891,31
7892,11
7893,4
7894,4
7895,4
7896,31
7897,37
7898,22
7899,28
7900,38
7901,17
7902,34
7903,13
7904,70
7905,4
7906,4
7907,4
7908,4
7909,10
7910,28
7911,27
7912,135
7913,15
7914,11
7915,29
7916,26
7917,4
7918,28
7919,15
7920,4
7921,191
7922,183
7923,4
7924,78
7925,15
7926,4
7927,11
7928,31
7929,4
7930,4
7931,22
7932,38
7933,58
7934,31
7935,15
7936,29
7937,15
7938,62
7939,341
7940,28
7941,104
7942,493
7943,474
7944,73
7945,47
7946,565
7947,23
7948,241
7949,4
7950,30
7951,4
7952,115
7953,27
7954,50
7955,566
7956,81
7957,13
7958,23
7959,23
7960,88
7961,47
7962,3
7963,22
7964,31
7965,525
7966,4
7967,52
7968,187
7969,38
7970,149
7971,13
7972,4
7973,11
7974,0
7975,10
7976,15
7977,15
7978,19
7979,4
7980,58
7981,421
7982,73
7983,60
7984,15
7985,7
7986,4
7987,567
7988,4
7989,568
7990,23
7991,52
7992,569
7993,41
7994,15
7995,30
7996,73
7997,6
7998,4
7999,243
8000,79
8001,15
8002,33
8003,31
8004,14
8005,22
8006,17
8007,4
8008,15
8009,15
8010,81
8011,41
8012,0
8013,18
8014,28
8015,38
8016,0
8017,15
8018,32
8019,4
8020,4
8021,28
8022,23
8023,15
8024,17
8025,570
8026,226
8027,17
8028,58
8029,50
8030,440
8031,57
8032,79
8033,468
8034,40
8035,4
8036,73
8037,571
8038,86
8039,57
8040,572
8041,15
8042,57
8043,47
8044,4
8045,304
8046,31
8047,15
8048,439
8049,11
8050,4
8051,15
8052,28
8053,7
8054,4
8055,19
8056,15
8057,2
8058,15
8059,13
8060,15
8061,4
8062,28
8063,4
8064,28
8065,21
8066,58
8067,15
8068,545
8069,23
8070,37
8071,173
8072,47
8073,323
8074,15
8075,58
8076,62
8077,4
8078,9
8079,14
8080,27
8081,4
8082,573
8083,15
8084,32
8085,28
8086,154
8087,57
8088,391
8089,574
8090,18
8091,50
8092,30
8093,73
8094,15
8095,15
8096,28
8097,4
8098,28
8099,15
8100,15
8101,4
8102,20
8103,32
8104,52
8105,105
8106,29
8107,30
8108,4
8109,86
8110,28
8111,21
8112,29
8113,13
8114,15
8115,15
8116,183
8117,22
8118,11
8119,65
8120,15
8121,26
8122,575
8123,43
8124,4
8125,15
8126,4
8127,15
8128,86
8129,183
8130,516
8131,245
8132,58
8133,107
8134,166
8135,135
8136,57
8137,41
8138,4
8139,96
8140,27
8141,0
8142,332
8143,15
8144,51
8145,55
8146,4
8147,4
8148,4
8149,23
8150,15
8151,19
8152,31
8153,18
8154,15
8155,43
8156,576
8157,4
8158,15
8159,4
8160,27
8161,0
8162,4
8163,4
8164,27
8165,403
8166,4
8167,38
8168,4
8169,577
8170,0
8171,15
8172,15
8173,15
8174,58
8175,56
8176,61
8177,135
8178,578
8179,32
8180,104
8181,424
8182,4
8183,4
8184,4
8185,142
8186,4
8187,0
8188,39
8189,4
8190,14
8191,18
8192,49
8193,30
8194,22
8195,23
8196,15
8197,41
8198,15
8199,4
8200,15
8201,579
8202,4
8203,31
8204,4
8205,38
8206,31
8207,15
8208,15
8209,80
8210,52
8211,160
8212,15
8213,31
8214,32
8215,62
8216,49
8217,4
8218,38
8219,13
8220,15
8221,22
8222,10
8223,15
8224,468
8225,0
8226,4
8227,19
8228,43
8229,4
8230,15
8231,4
8232,28
8233,10
8234,15
8235,58
8236,4
8237,226
8238,580
8239,4
8240,181
8241,192
8242,104
8243,4
8244,29
8245,41
8246,66
8247,231
8248,7
8249,31
8250,11
8251,361
8252,31
8253,2
8254,22
8255,4
8256,4
8257,15
8258,32
8259,4
8260,27
8261,28
8262,6
8263,4
8264,31
8265,23
8266,52
8267,4
8268,4
8269,4
8270,162
8271,29
8272,58
8273,2
8274,15
8275,4
8276,31
8277,31
8278,15
8279,58
8280,15
8281,581
8282,250
8283,4
8284,582
8285,254
8286,8
8287,4
8288,23
8289,38
8290,301
8291,4
8292,2
8293,29
8294,9
8295,17
8296,4
8297,11
8298,4
8299,43
8300,18
8301,20
8302,6
8303,31
8304,68
8305,66
8306,107
8307,10
8308,250
8309,22
8310,105
8311,43
8312,4
8313,583
8314,191
8315,40
8316,4
8317,73
8318,181
8319,47
8320,584
8321,31
8322,410
8323,72
8324,4
8325,31
8326,183
8327,4
8328,124
8329,135
8330,43
8331,21
8332,15
8333,31
8334,30
8335,0
8336,585
8337,4
8338,13
8339,38
8340,18
8341,13
8342,2
8343,6
8344,15
8345,4
8346,4
8347,46
8348,15
8349,0
8350,15
8351,15
8352,22
8353,4
8354,17
8355,58
8356,14
8357,416
8358,17
8359,62
8360,28
8361,161
8362,15
8363,15
8364,7
8365,7
8366,4
8367,439
8368,11
8369,29
8370,34
8371,195
8372,6
8373,586
8374,15
8375,254
8376,4
8377,28
8378,4
8379,4
8380,7
8381,4
8382,82
8383,15
8384,29
8385,68
8386,49
8387,174
8388,47
8389,20
8390,23
8391,421
8392,58
8393,181
8394,15
8395,15
8396,4
8397,28
8398,30
8399,31
8400,18
8401,78
8402,51
8403,54
8404,27
8405,81
8406,15
8407,4
8408,15
8409,29
8410,9
8411,26
8412,4
8413,15
8414,31
8415,20
8416,49
8417,22
8418,27
8419,4
8420,15
8421,27
8422,49
8423,15
8424,102
8425,4
8426,58
8427,15
8428,11
8429,22
8430,164
8431,83
8432,318
8433,17
8434,73
8435,78
8436,28
8437,52
8438,4
8439,17
8440,32
8441,11
8442,52
8443,4
8444,49
8445,49
8446,587
8447,15
8448,27
8449,7
8450,215
8451,159
8452,28
8453,7
8454,28
8455,4
8456,4
8457,4
8458,15
8459,4
8460,15
8461,30
8462,2
8463,159
8464,4
8465,38
8466,4
8467,15
8468,58
8469,242
8470,237
8471,22
8472,4
8473,82
8474,150
8475,29
8476,588
8477,28
8478,403
8479,68
8480,28
8481,28
8482,26
8483,27
8484,163
8485,4
8486,47
8487,51
8488,55
8489,38
8490,41
8491,4
8492,4
8493,78
8494,34
8495,4
8496,31
8497,271
8498,49
8499,90
8500,4
8501,4
8502,4
8503,15
8504,10
8505,10
8506,4
8507,4
8508,26
8509,15
8510,4
8511,115
8512,28
8513,23
8514,15
8515,403
8516,283
8517,589
8518,4
8519,47
8520,2
8521,4
8522,28
8523,31
8524,29
8525,4
8526,15
8527,4
8528,47
8529,23
8530,15
8531,412
8532,4
8533,11
8534,4
8535,39
8536,590
8537,15
8538,150
8539,86
8540,29
8541,4
8542,4
8543,519
8544,130
8545,38
8546,157
8547,15
8548,11
8549,28
8550,4
8551,41
8552,4
8553,27
8554,39
8555,466
8556,78
8557,226
8558,37
8559,591
8560,4
8561,104
8562,4
8563,28
8564,49
8565,5
8566,226
8567,31
8568,47
8569,15
8570,4
8571,38
8572,15
8573,62
8574,4
8575,320
8576,4
8577,4
8578,15
8579,52
8580,15
8581,7
8582,198
8583,58
8584,333
8585,23
8586,17
8587,4
8588,4
8589,58
8590,30
8591,13
8592,31
8593,5
8594,19
8595,38
8596,27
8597,30
8598,96
8599,4
8600,23
8601,31
8602,15
8603,15
8604,29
8605,86
8606,19
8607,38
8608,27
8609,15
8610,15
8611,245
8612,230
8613,254
8614,28
8615,422
8616,10
8617,70
8618,19
8619,592
8620,17
8621,352
8622,6
8623,4
8624,15
8625,15
8626,52
8627,143
8628,15
8629,31
8630,315
8631,11
8632,86
8633,7
8634,4
8635,28
8636,4
8637,15
8638,15
8639,15
8640,22
8641,78
8642,130
8643,47
8644,45
8645,23
8646,29
8647,70
8648,41
8649,27
8650,80
8651,31
8652,99
8653,28
8654,52
8655,273
8656,83
8657,27
8658,29
8659,22
8660,15
8661,21
8662,15
8663,15
8664,4
8665,4
8666,15
8667,169
8668,109
8669,0
8670,4
8671,21
8672,15
8673,222
8674,198
8675,49
8676,28
8677,28
8678,0
8679,4
8680,4
8681,15
8682,27
8683,4
8684,47
8685,15
8686,20
8687,62
8688,64
8689,27
8690,29
8691,593
8692,135
8693,333
8694,47
8695,4
8696,32
8697,4
8698,7
8699,52
8700,41
8701,4
8702,3
8703,4
8704,60
8705,102
8706,22
8707,454
8708,124
8709,94
8710,51
8711,215
8712,4
8713,594
8714,52
8715,142
8716,47
8717,4
8718,4
8719,462
8720,17
8721,157
8722,0
8723,22
8724,58
8725,4
8726,4
8727,595
8728,4
8729,0
8730,0
8731,15
8732,104
8733,60
8734,38
8735,44
8736,31
8737,15
8738,22
8739,38
8740,51
8741,15
8742,4
8743,162
8744,6
8745,78
8746,60
8747,23
8748,9
8749,117
8750,23
8751,4
8752,18
8753,6
8754,139
8755,31
8756,32
8757,68
8758,15
8759,15
8760,15
8761,15
8762,58
8763,4
8764,15
8765,596
8766,15
8767,299
8768,304
8769,19
8770,71
8771,41
8772,17
8773,19
8774,15
8775,6
8776,11
8777,597
8778,65
8779,323
8780,0
8781,4
8782,19
8783,21
8784,7
8785,15
8786,27
8787,15
8788,598
8789,78
8790,47
8791,28
8792,57
8793,58
8794,14
8795,57
8796,253
8797,298
8798,13
8799,28
8800,599
8801,7
8802,15
8803,41
8804,15
8805,14
8806,600
8807,18
8808,32
8809,4
8810,0
8811,11
8812,38
8813,38
8814,19
8815,47
8816,4
8817,13
8818,15
8819,13
8820,22
8821,38
8822,15
8823,32
8824,30
8825,15
8826,19
8827,34
8828,304
8829,4
8830,601
8831,602
8832,17
8833,75
8834,18
8835,27
8836,27
8837,14
8838,29
8839,4
8840,4
8841,15
8842,4
8843,41
8844,32
8845,4
8846,15
8847,58
8848,17
8849,603
8850,28
8851,17
8852,47
8853,47
8854,31
8855,30
8856,469
8857,23
8858,11
8859,0
8860,195
8861,32
8862,19
8863,4
8864,39
8865,18
8866,68
8867,4
8868,23
8869,47
8870,49
8871,38
8872,2
8873,30
8874,361
8875,4
8876,4
8877,604
8878,14
8879,15
8880,11
8881,4
8882,226
8883,7
8884,23
8885,0
8886,4
8887,28
8888,15
8889,2
8890,3
8891,210
8892,244
8893,31
8894,0
8895,0
8896,15
8897,41
8898,119
8899,4
8900,15
8901,15
8902,605
8903,47
8904,51
8905,163
8906,47
8907,183
8908,51
8909,20
8910,273
8911,30
8912,15
8913,23
8914,28
8915,210
8916,4
8917,52
8918,15
8919,11
8920,30
8921,15
8922,31
8923,26
8924,15
8925,15
8926,23
8927,154
8928,606
8929,607
8930,608
8931,58
8932,17
8933,609
8934,4
8935,4
8936,27
8937,9
8938,15
8939,21
8940,15
8941,70
8942,610
8943,107
8944,4
8945,56
8946,4
8947,17
8948,57
8949,38
8950,611
8951,23
8952,149
8953,10
8954,15
8955,130
8956,4
8957,612
8958,7
8959,22
8960,4
8961,4
8962,29
8963,45
8964,62
8965,38
8966,2
8967,28
8968,4
8969,23
8970,15
8971,26
8972,0
8973,15
8974,15
8975,58
8976,613
8977,58
8978,78
8979,154
8980,20
8981,28
8982,73
8983,545
8984,215
8985,164
8986,58
8987,2
8988,79
8989,23
8990,198
8991,304
8992,109
8993,183
8994,157
8995,59
8996,94
8997,58
8998,39
8999,431
9000,0
9001,614
9002,6
9003,15
9004,31
9005,46
9006,30
9007,27
9008,7
9009,0
9010,0
9011,7
9012,49
9013,4
9014,73
9015,0
9016,15
9017,4
9018,11
9019,49
9020,4
9021,32
9022,41
9023,22
9024,28
9025,177
9026,2
9027,4
9028,4
9029,466
9030,150
9031,57
9032,23
9033,615
9034,75
9035,30
9036,398
9037,47
9038,119
9039,2
9040,222
9041,4
9042,60
9043,3
9044,6
9045,616
9046,83
9047,617
9048,32
9049,21
9050,0
9051,2
9052,4
9053,54
9054,4
9055,4
9056,4
9057,11
9058,4
9059,23
9060,51
9061,15
9062,15
9063,4
9064,4
9065,31
9066,618
9067,4
9068,0
9069,15
9070,11
9071,28
9072,44
9073,115
9074,227
9075,24
9076,619
9077,620
9078,621
9079,4
9080,622
9081,174
9082,6
9083,190
9084,283
9085,160
9086,15
9087,15
9088,4
9089,73
9090,38
9091,37
9092,15
9093,47
9094,70
9095,623
9096,4
9097,4
9098,28
9099,4
9100,4
9101,4
9102,27
9103,4
9104,624
9105,29
9106,96
9107,172
9108,250
9109,30
9110,65
9111,625
9112,273
9113,28
9114,28
9115,4
9116,17
9117,31
9118,4
9119,15
9120,3
9121,8
9122,4
9123,26
9124,4
9125,12
9126,41
9127,547
9128,27
9129,15
9130,15
9131,626
9132,627
9133,105
9134,58
9135,38
9136,8
9137,4
9138,15
9139,19
9140,15
9141,243
9142,11
9143,4
9144,31
9145,15
9146,19
9147,73
9148,628
9149,28
9150,7
9151,4
9152,38
9153,28
9154,73
9155,31
9156,78
9157,38
9158,27
9159,7
9160,14
9161,31
9162,629
9163,13
9164,28
9165,28
9166,26
9167,630
9168,141
9169,15
9170,22
9171,57
9172,57
9173,23
9174,347
9175,4
9176,4
9177,79
9178,13
9179,28
9180,15
9181,631
9182,4
9183,15
9184,4
9185,38
9186,58
9187,632
9188,15
9189,21
9190,58
9191,58
9192,2
9193,300
9194,14
9195,2
9196,38
9197,4
9198,23
9199,4
9200,2
9201,52
9202,2
9203,32
9204,19
9205,4
9206,22
9207,38
9208,18
9209,58
9210,79
9211,81
9212,57
9213,15
9214,633
9215,60
9216,82
9217,47
9218,22
9219,4
9220,15
9221,11
9222,257
9223,4
9224,634
9225,4
9226,15
9227,590
9228,104
9229,51
9230,22
9231,15
9232,635
9233,30
9234,4
9235,20
9236,22
9237,27
9238,28
9239,9
9240,4
9241,58
9242,4
9243,38
9244,182
9245,23
9246,222
9247,57
9248,17
9249,15
9250,68
9251,31
9252,4
9253,57
9254,2
9255,7
9256,11
9257,15
9258,19
9259,28
9260,636
9261,0
9262,22
9263,39
9264,4
9265,29
9266,22
9267,28
9268,27
9269,0
9270,19
9271,15
9272,38
9273,4
9274,28
9275,86
9276,52
9277,15
9278,4
9279,4
9280,31
9281,46
9282,242
9283,23
9284,637
9285,58
9286,38
9287,23
9288,28
9289,4
9290,47
9291,29
9292,3
9293,38
9294,38
9295,10
9296,3
9297,30
9298,215
9299,38
9300,197
9301,22
9302,0
9303,0
9304,7
9305,41
9306,0
9307,7
9308,29
9309,15
9310,618
9311,298
9312,638
9313,157
9314,23
9315,23
9316,47
9317,115
9318,15
9319,226
9320,15
9321,38
9322,439
9323,18
9324,15
9325,135
9326,38
9327,46
9328,15
9329,31
9330,18
9331,15
9332,4
9333,30
9334,639
9335,82
9336,15
9337,15
9338,107
9339,4
9340,47
9341,81
9342,29
9343,22
9344,82
9345,4
9346,2
9347,0
9348,31
9349,27
9350,43
9351,6
9352,15
9353,15
9354,15
9355,30
9356,180
9357,4
9358,4
9359,4
9360,47
9361,58
9362,49
9363,4
9364,640
9365,6
9366,28
9367,47
9368,47
9369,62
9370,156
9371,13
9372,28
9373,15
9374,7
9375,29
9376,31
9377,31
9378,4
9379,47
9380,79
9381,15
9382,15
9383,26
9384,15
9385,250
9386,23
9387,81
9388,303
9389,130
9390,14
9391,408
9392,41
9393,109
9394,2
9395,19
9396,38
9397,26
9398,245
9399,38
9400,6
9401,43
9402,28
9403,4
9404,4
9405,28
9406,38
9407,31
9408,30
9409,4
9410,641
9411,4
9412,58
9413,154
9414,15
9415,384
9416,15
9417,642
9418,4
9419,643
9420,38
9421,139
9422,644
9423,645
9424,31
9425,15
9426,4
9427,15
9428,18
9429,4
9430,159
9431,646
9432,26
9433,78
9434,41
9435,15
9436,26
9437,29
9438,6
9439,15
9440,58
9441,80
9442,15
9443,73
9444,23
9445,47
9446,79
9447,10
9448,4
9449,374
9450,41
9451,26
9452,31
9453,88
9454,192
9455,4
9456,3
9457,4
9458,114
9459,647
9460,22
9461,181
9462,18
9463,17
9464,151
9465,51
9466,47
9467,15
9468,78
9469,15
9470,47
9471,11
9472,151
9473,15
9474,8
9475,14
9476,37
9477,22
9478,4
9479,2
9480,13
9481,15
9482,392
9483,269
9484,124
9485,38
9486,301
9487,4
9488,87
9489,60
9490,47
9491,70
9492,57
9493,48
9494,4
9495,4
9496,648
9497,2
9498,29
9499,130
9500,15
9501,28
9502,26
9503,0
9504,107
9505,58
9506,27
9507,230
9508,88
9509,38
9510,15
9511,31
9512,51
9513,23
9514,46
9515,19
9516,15
9517,52
9518,10
9519,15
9520,68
9521,29
9522,4
9523,19
9524,4
9525,4
9526,278
9527,4
9528,649
9529,15
9530,650
9531,524
9532,4
9533,43
9534,31
9535,28
9536,651
9537,27
9538,15
9539,57
9540,0
9541,4
9542,23
9543,15
9544,52
9545,117
9546,23
9547,309
9548,2
9549,40
9550,31
9551,652
9552,11
9553,27
9554,22
9555,58
9556,11
9557,213
9558,47
9559,139
9560,82
9561,10
9562,62
9563,49
9564,15
9565,15
9566,27
9567,31
9568,4
9569,31
9570,11
9571,17
9572,0
9573,22
9574,28
9575,51
9576,29
9577,28
9578,39
9579,244
9580,79
9581,31
9582,4
9583,242
9584,107
9585,653
9586,22
9587,31
9588,15
9589,4
9590,29
9591,15
9592,38
9593,19
9594,22
9595,4
9596,27
9597,654
9598,32
9599,15
9600,15
9601,15
9602,243
9603,19
9604,361
9605,15
9606,47
9607,158
9608,655
9609,4
9610,43
9611,127
9612,2
9613,31
9614,4
9615,656
9616,41
9617,4
9618,52
9619,412
9620,15
9621,657
9622,183
9623,6
9624,28
9625,0
9626,39
9627,79
9628,68
9629,0
9630,19
9631,139
9632,19
9633,4
9634,52
9635,52
9636,412
9637,4
9638,466
9639,99
9640,43
9641,658
9642,15
9643,73
9644,23
9645,0
9646,243
9647,659
9648,2
9649,43
9650,23
9651,4
9652,226
9653,390
9654,90
9655,384
9656,69
9657,31
9658,20
9659,28
9660,660
9661,11
9662,4
9663,15
9664,412
9665,3
9666,241
9667,19
9668,10
9669,10
9670,39
9671,17
9672,82
9673,38
9674,42
9675,188
9676,4
9677,23
9678,15
9679,15
9680,31
9681,28
9682,661
9683,58
9684,593
9685,54
9686,88
9687,0
9688,320
9689,5
9690,32
9691,15
9692,22
9693,47
9694,662
9695,4
9696,46
9697,15
9698,15
9699,41
9700,2
9701,663
9702,27
9703,664
9704,4
9705,78
9706,52
9707,3
9708,15
9709,81
9710,40
9711,58
9712,192
9713,229
9714,10
9715,6
9716,665
9717,30
9718,4
9719,0
9720,666
9721,22
9722,71
9723,27
9724,58
9725,29
9726,0
9727,52
9728,27
9729,29
9730,667
9731,19
9732,83
9733,4
9734,3
9735,38
9736,15
9737,36
9738,412
9739,2
9740,38
9741,3
9742,15
9743,15
9744,15
9745,7
9746,4
9747,18
9748,15
9749,4
9750,15
9751,52
9752,73
9753,10
9754,40
9755,4
9756,81
9757,4
9758,28
9759,15
9760,15
9761,32
9762,41
9763,23
9764,83
9765,183
9766,43
9767,27
9768,28
9769,4
9770,31
9771,4
9772,4
9773,4
9774,0
9775,39
9776,58
9777,15
9778,15
9779,269
9780,23
9781,640
9782,398
9783,58
9784,4
9785,230
9786,79
9787,668
9788,60
9789,422
9790,15
9791,41
9792,69
9793,51
9794,10
9795,4
9796,4
9797,19
9798,15
9799,58
9800,154
9801,78
9802,31
9803,249
9804,27
9805,4
9806,4
9807,15
9808,4
9809,2
9810,669
9811,4
9812,15
9813,466
9814,318
9815,27
9816,4
9817,4
9818,18
9819,189
9820,15
9821,18
9822,23
9823,38
9824,304
9825,0
9826,670
9827,41
9828,342
9829,0
9830,107
9831,22
9832,57
9833,23
9834,182
9835,15
9836,4
9837,20
9838,15
9839,31
9840,15
9841,4
9842,183
9843,7
9844,72
9845,159
9846,15
9847,38
9848,4
9849,21
9850,23
9851,19
9852,15
9853,43
9854,10
9855,28
9856,4
9857,15
9858,158
9859,15
9860,47
9861,139
9862,269
9863,4
9864,47
9865,4
9866,60
9867,304
9868,65
9869,22
9870,31
9871,28
9872,15
9873,4
9874,88
9875,0
9876,22
9877,49
9878,32
9879,19
9880,15
9881,166
9882,4
9883,99
9884,4
9885,41
9886,671
9887,4
9888,54
9889,4
9890,41
9891,261
9892,23
9893,15
9894,31
9895,182
9896,4
9897,672
9898,60
9899,47
9900,4
9901,340
9902,66
9903,28
9904,12
9905,304
9906,47
9907,15
9908,15
9909,86
9910,27
9911,22
9912,82
9913,673
9914,64
9915,21
9916,9
9917,15
9918,4
9919,58
9920,466
9921,17
9922,236
9923,104
9924,674
9925,88
9926,32
9927,155
9928,28
9929,18
9930,22
9931,28
9932,3
9933,7
9934,105
9935,412
9936,191
9937,28
9938,58
9939,17
9940,38
9941,15
9942,31
9943,52
9944,86
9945,22
9946,15
9947,3
9948,157
9949,675
9950,58
9951,87
9952,676
9953,677
9954,13
9955,678
9956,11
9957,27
9958,58
9959,2
9960,10
9961,54
9962,679
9963,47
9964,408
9965,36
9966,22
9967,15
9968,58
9969,13
9970,14
9971,4
9972,680
9973,49
9974,47
9975,28
9976,4
9977,41
9978,20
9979,29
9980,43
9981,155
9982,58
9983,187
9984,31
9985,4
9986,681
9987,0
9988,28
9989,38
9990,15
9991,38
9992,32
9993,20
9994,23
9995,4
9996,73
9997,15
9998,57
9999,547
10000,58
10001,412
10002,362
10003,107
10004,27
10005,58
10006,4
10007,27
10008,15
10009,4
10010,682
10011,4
10012,15
10013,219
10014,160
10015,64
10016,141
10017,15
10018,26
10019,18
10020,29
10021,58
10022,4
10023,57
10024,236
10025,57
10026,58
10027,683
10028,115
10029,4
10030,4
10031,27
10032,28
10033,31
10034,4
10035,31
10036,27
10037,30
10038,64
10039,51
10040,10
10041,4
10042,684
10043,685
10044,94
10045,4
10046,38
10047,168
10048,4
10049,30
10050,58
10051,47
10052,22
10053,686
10054,60
10055,17
10056,51
10057,27
10058,139
10059,31
10060,4
10061,4
10062,47
10063,4
10064,2
10065,4
10066,10
10067,58
10068,4
10069,19
10070,47
10071,2
10072,18
10073,43
10074,245
10075,0
10076,58
10077,78
10078,2
10079,58
10080,17
10081,87
10082,57
10083,253
10084,219
10085,18
10086,29
10087,88
10088,15
10089,31
10090,31
10091,41
10092,3
10093,674
10094,60
10095,107
10096,31
10097,4
10098,4
10099,23
10100,27
10101,4
10102,15
10103,21
10104,22
10105,0
10106,4
10107,361
10108,687
10109,17
10110,15
10111,36
10112,4
10113,17
10114,15
10115,440
10116,30
10117,15
10118,171
10119,43
10120,27
10121,52
10122,4
10123,11
10124,688
10125,47
10126,34
10127,187
10128,11
10129,26
10130,15
10131,689
10132,4
10133,29
10134,10
10135,23
10136,23
10137,15
10138,60
10139,21
10140,28
10141,4
10142,31
10143,41
10144,690
10145,43
10146,83
10147,21
10148,15
10149,29
10150,21
10151,4
10152,86
10153,19
10154,82
10155,4
10156,15
10157,10
10158,22
10159,4
10160,9
10161,32
10162,15
10163,0
10164,4
10165,612
10166,20
10167,15
10168,58
10169,4
10170,8
10171,23
10172,4
10173,23
10174,18
10175,10
10176,32
10177,15
10178,49
10179,2
10180,4
10181,4
10182,27
10183,160
10184,4
10185,58
10186,83
10187,15
10188,17
10189,2
10190,0
10191,15
10192,58
10193,19
10194,20
10195,4
10196,68
10197,691
10198,4
10199,58
10200,15
10201,58
10202,96
10203,15
10204,47
10205,5
10206,4
10207,12
10208,28
10209,12
10210,31
10211,104
10212,60
10213,73
10214,15
10215,152
10216,58
10217,29
10218,0
10219,58
10220,58
10221,612
10222,58
10223,692
10224,4
10225,0
10226,7
10227,4
10228,29
10229,4
10230,10
10231,31
10232,73
10233,41
10234,634
10235,27
10236,15
10237,49
10238,41
10239,51
10240,29
10241,58
10242,15
10243,70
10244,590
10245,47
10246,47
10247,509
10248,21
10249,79
10250,693
10251,5
10252,154
10253,4
10254,3
10255,243
10256,15
10257,22
10258,4
10259,28
10260,3
10261,38
10262,4
10263,4
10264,4
10265,3
10266,59
10267,593
10268,0
10269,15
10270,15
10271,19
10272,612
10273,52
10274,21
10275,12
10276,15
10277,694
10278,15
10279,82
10280,80
10281,73
10282,4
10283,78
10284,4
10285,15
10286,4
10287,47
10288,439
10289,15
10290,171
10291,242
10292,4
10293,43
10294,22
10295,153
10296,31
10297,695
10298,23
10299,0
10300,12
10301,166
10302,82
10303,87
10304,65
10305,64
10306,17
10307,15
10308,47
10309,4
10310,4
10311,26
10312,15
10313,52
10314,58
10315,15
10316,157
10317,0
10318,58
10319,51
10320,17
10321,41
10322,58
10323,30
10324,15
10325,4
10326,4
10327,0
10328,135
10329,58
10330,26
10331,135
10332,696
10333,15
10334,15
10335,25
10336,26
10337,30
10338,58
10339,156
10340,57
10341,56
10342,333
10343,356
10344,107
10345,43
10346,244
10347,47
10348,20
10349,4
10350,88
10351,43
10352,4
10353,32
10354,0
10355,47
10356,86
10357,15
10358,58
10359,57
10360,51
10361,697
10362,4
10363,222
10364,77
10365,38
10366,15
10367,29
10368,686
10369,0
10370,19
10371,39
10372,19
10373,10
10374,4
10375,162
10376,30
10377,698
10378,22
10379,465
10380,226
10381,57
10382,4
10383,109
10384,31
10385,15
10386,132
10387,27
10388,15
10389,699
10390,23
10391,87
10392,28
10393,11
10394,29
10395,700
10396,28
10397,27
10398,629
10399,41
10400,107
10401,174
10402,47
10403,127
10404,19
10405,27
10406,422
10407,17
10408,15
10409,29
10410,15
10411,17
10412,4
10413,0
10414,15
10415,20
10416,545
10417,23
10418,60
10419,47
10420,0
10421,38
10422,7
10423,2
10424,51
10425,701
10426,105
10427,21
10428,32
10429,215
10430,29
10431,52
10432,52
10433,22
10434,38
10435,27
10436,58
10437,702
10438,6
10439,620
10440,23
10441,43
10442,107
10443,4
10444,15
10445,17
10446,23
10447,22
10448,7
10449,43
10450,41
10451,29
10452,15
10453,58
10454,23
10455,1
10456,215
10457,56
10458,0
10459,489
10460,52
10461,38
10462,72
10463,237
10464,15
10465,4
10466,4
10467,28
10468,107
10469,31
10470,4
10471,4
10472,58
10473,3
10474,70
10475,703
10476,27
10477,39
10478,27
10479,17
10480,60
10481,47
10482,192
10483,0
10484,31
10485,142
10486,39
10487,15
10488,15
10489,0
10490,28
10491,4
10492,4
10493,4
10494,51
10495,704
10496,4
10497,51
10498,27
10499,15
10500,119
10501,289
10502,58
10503,154
10504,58
10505,705
10506,58
10507,43
10508,22
10509,192
10510,52
10511,4
10512,31
10513,68
10514,31
10515,4
10516,239
10517,706
10518,4
10519,117
10520,182
10521,43
10522,11
10523,0
10524,4
10525,15
10526,107
10527,38
10528,28
10529,4
10530,26
10531,7
10532,19
10533,15
10534,4
10535,18
10536,58
10537,707
10538,27
10539,154
10540,139
10541,708
10542,2
10543,58
10544,4
10545,130
10546,4
10547,226
10548,6
10549,28
10550,15
10551,709
10552,77
10553,4
10554,41
10555,49
10556,4
10557,0
10558,158
10559,47
10560,384
10561,58
10562,7
10563,7
10564,135
10565,710
10566,192
10567,711
10568,43
10569,11
10570,26
10571,712
10572,47
10573,77
10574,38
10575,38
10576,20
10577,64
10578,2
10579,23
10580,15
10581,4
10582,135
10583,23
10584,4
10585,3
10586,4
10587,73
10588,28
10589,198
10590,21
10591,23
10592,52
10593,7
10594,21
10595,4
10596,15
10597,4
10598,15
10599,244
10600,268
10601,246
10602,50
10603,47
10604,28
10605,4
10606,234
10607,27
10608,2
10609,57
10610,38
10611,7
10612,47
10613,17
10614,38
10615,450
10616,10
10617,3
10618,593
10619,21
10620,29
10621,30
10622,58
10623,4
10624,713
10625,659
10626,58
10627,714
10628,105
10629,2
10630,23
10631,70
10632,286
10633,4
10634,4
10635,70
10636,4
10637,15
10638,22
10639,15
10640,23
10641,52
10642,40
10643,58
10644,69
10645,15
10646,58
10647,66
10648,7
10649,21
10650,4
10651,4
10652,2
10653,4
10654,4
10655,22
10656,27
10657,15
10658,4
10659,617
10660,415
10661,2
10662,4
10663,78
10664,4
10665,28
10666,227
10667,31
10668,15
10669,21
10670,58
10671,22
10672,28
10673,15
10674,15
10675,4
10676,4
10677,62
10678,2
10679,61
10680,58
10681,28
10682,32
10683,4
10684,4
10685,15
10686,15
10687,617
10688,28
10689,715
10690,38
10691,54
10692,242
10693,716
10694,619
10695,15
10696,4
10697,4
10698,38
10699,30
10700,157
10701,10
10702,4
10703,15
10704,30
10705,183
10706,58
10707,27
10708,31
10709,27
10710,31
10711,4
10712,13
10713,15
10714,15
10715,20
10716,4
10717,17
10718,30
10719,4
10720,345
10721,52
10722,124
10723,4
10724,717
10725,4
10726,7
10727,15
10728,4
10729,115
10730,4
10731,309
10732,4
10733,269
10734,250
10735,47
10736,4
10737,215
10738,28
10739,56
10740,8
10741,23
10742,41
10743,28
10744,219
10745,29
10746,135
10747,68
10748,22
10749,52
10750,0
10751,57
10752,15
10753,236
10754,197
10755,242
10756,2
10757,51
10758,60
10759,13
10760,718
10761,15
10762,4
10763,31
10764,15
10765,719
10766,15
10767,95
10768,15
10769,11
10770,21
10771,4
10772,3
10773,5
10774,41
10775,28
10776,28
10777,720
10778,31
10779,166
10780,22
10781,86
10782,0
10783,15
10784,403
10785,58
10786,115
10787,46
10788,58
10789,15
10790,30
10791,58
10792,13
10793,7
10794,56
10795,79
10796,41
10797,109
10798,15
10799,31
10800,3
10801,26
10802,4
10803,20
10804,4
10805,721
10806,86
10807,722
10808,58
10809,48
10810,4
10811,31
10812,0
10813,37
10814,203
10815,15
10816,336
10817,0
10818,38
10819,46
10820,11
10821,15
10822,0
10823,32
10824,58
10825,466
10826,58
10827,88
10828,49
10829,58
10830,52
10831,4
10832,47
10833,39
10834,31
10835,15
10836,4
10837,31
10838,32
10839,28
10840,22
10841,28
10842,15
10843,723
10844,724
10845,135
10846,4
10847,4
10848,4
10849,68
10850,19
10851,4
10852,15
10853,6
10854,32
10855,27
10856,56
10857,4
10858,135
10859,38
10860,10
10861,4
10862,71
10863,15
10864,31
10865,109
10866,58
10867,21
10868,58
10869,81
10870,130
10871,725
10872,43
10873,107
10874,159
10875,104
10876,2
10877,18
10878,0
10879,31
10880,22
10881,31
10882,237
10883,726
10884,22
10885,51
10886,727
10887,51
10888,134
10889,70
10890,30
10891,15
10892,160
10893,10
10894,15
10895,58
10896,17
10897,197
10898,728
10899,15
10900,250
10901,58
10902,729
10903,4
10904,4
10905,7
10906,10
10907,716
10908,99
10909,57
10910,171
10911,58
10912,57
10913,154
10914,58
10915,15
10916,15
10917,15
10918,105
10919,250
10920,23
10921,11
10922,4
10923,4
10924,15
10925,2
10926,18
10927,73
10928,31
10929,4
10930,4
10931,41
10932,670
10933,23
10934,27
10935,49
10936,4
10937,37
10938,43
10939,730
10940,28
10941,4
10942,4
10943,2
10944,4
10945,32
10946,238
10947,47
10948,154
10949,39
10950,31
10951,32
10952,0
10953,38
10954,15
10955,70
10956,731
10957,43
10958,732
10959,31
10960,0
10961,4
10962,190
10963,733
10964,58
10965,81
10966,9
10967,87
10968,734
10969,73
10970,118
10971,54
10972,99
10973,87
10974,27
10975,9
10976,47
10977,4
10978,27
10979,15
10980,15
10981,20
10982,6
10983,38
10984,4
10985,4
10986,27
10987,492
10988,371
10989,693
10990,38
10991,21
10992,27
10993,15
10994,15
10995,58
10996,18
10997,583
10998,175
10999,10
11000,545
11001,94
11002,15
11003,31
11004,17
11005,27
11006,198
11007,22
11008,7
11009,28
11010,4
11011,15
11012,130
11013,23
11014,38
11015,4
11016,182
11017,94
11018,735
11019,4
11020,15
11021,107
11022,736
11023,47
11024,28
11025,4
11026,32
11027,236
11028,49
11029,90
11030,737
11031,72
11032,15
11033,15
11034,332
11035,21
11036,15
11037,58
11038,56
11039,15
11040,22
11041,13
11042,738
11043,30
11044,21
11045,4
11046,15
11047,11
11048,15
11049,18
11050,58
11051,23
11052,716
11053,52
11054,4
11055,47
11056,12
11057,58
11058,47
11059,3
11060,27
11061,70
11062,10
11063,4
11064,15
11065,4
11066,15
11067,17
11068,193
11069,230
11070,43
11071,58
11072,739
11073,740
11074,2
11075,12
11076,465
11077,41
11078,4
11079,15
11080,15
11081,43
11082,15
11083,4
11084,22
11085,9
11086,31
11087,398
11088,741
11089,15
11090,17
11091,617
11092,722
11093,60
11094,2
11095,27
11096,15
11097,26
11098,742
11099,28
11100,109
11101,32
11102,10
11103,4
11104,3
11105,11
11106,27
11107,31
11108,58
11109,4
11110,2
11111,29
11112,28
11113,36
11114,15
11115,27
11116,493
11117,44
11118,17
11119,4
11120,29
11121,32
11122,28
11123,47
11124,23
11125,28
11126,4
11127,545
11128,743
11129,32
11130,4
11131,6
11132,15
11133,107
11134,20
11135,182
11136,58
11137,101
11138,4
11139,4
11140,4
11141,15
11142,99
11143,66
11144,477
11145,58
11146,744
11147,148
11148,4
11149,13
11150,745
11151,22
11152,19
11153,31
11154,2
11155,22
11156,4
11157,135
11158,15
11159,391
11160,178
11161,30
11162,57
11163,7
11164,62
11165,4
11166,51
11167,273
11168,356
11169,10
11170,4
11171,29
11172,29
11173,4
11174,28
11175,10
11176,746
11177,19
11178,28
11179,47
11180,15
11181,28
11182,58
11183,58
11184,38
11185,31
11186,6
11187,747
11188,15
11189,198
11190,18
11191,15
11192,4
11193,28
11194,38
11195,15
11196,509
11197,26
11198,651
11199,4
11200,43
11201,707
11202,15
11203,15
11204,32
11205,0
11206,748
11207,9
11208,15
11209,82
11210,15
11211,15
11212,340
11213,81
11214,58
11215,545
11216,749
11217,58
11218,545
11219,79
11220,58
11221,156
11222,750
11223,719
11224,17
11225,15
11226,10
11227,304
11228,10
11229,139
11230,245
11231,15
11232,751
11233,58
11234,4
11235,107
11236,684
11237,58
11238,509
11239,545
11240,4
11241,752
11242,124
11243,23
11244,4
11245,54
11246,574
11247,56
11248,52
11249,4
11250,135
11251,38
11252,753
11253,41
11254,158
11255,31
11256,62
11257,709
11258,754
11259,96
11260,755
11261,58
11262,83
11263,22
11264,160
11265,28
11266,4
11267,756
11268,314
11269,0
11270,58
11271,757
11272,9
11273,15
11274,22
11275,758
11276,215
11277,545
11278,30
11279,28
11280,759
11281,96
11282,47
11283,31
11284,15
11285,28
11286,318
11287,81
11288,31
11289,4
11290,181
11291,41
11292,4
11293,115
11294,4
11295,4
11296,371
11297,239
11298,43
11299,32
11300,47
11301,15
11302,18
11303,86
11304,15
11305,86
11306,20
11307,6
11308,4
11309,174
11310,73
11311,328
11312,31
11313,28
11314,4
11315,49
11316,210
11317,236
11318,4
11319,30
11320,0
11321,10
11322,15
11323,15
11324,52
11325,4
